id,first_name,last_name,email,gender,ip_address,currency,lang,carmodel,money
1,Colan,Paz,cpaz0@who.int,Male,48.10.185.240,Peso,Telugu,Ram 3500,$1476484.68
2,Leroy,Canete,lcanete1@squarespace.com,Male,57.106.82.60,Boliviano,Georgian,GS,$742662.35
3,Nat,Fernan,nfernan2@tiny.cc,Female,200.61.36.92,Ruble,Czech,Alero,$1030915.67
4,Galven,Summerson,gsummerson3@adobe.com,Male,108.32.76.145,Dollar,Spanish,Regal,$9030204.31
5,Vonny,Grain,vgrain4@gnu.org,Female,219.203.190.123,Yuan Renminbi,Korean,Spectra,$6962974.35
6,Michaella,Stainsby,mstainsby5@t.co,Female,46.188.252.92,Peso,Fijian,Explorer Sport,$7432869.16
7,Rosalyn,Priddie,rpriddie6@google.es,Female,5.131.185.115,Zloty,Hindi,626,$8712526.31
8,Chalmers,Borer,cborer7@bing.com,Male,149.135.140.13,Yuan Renminbi,Zulu,Escalade ESV,$1777686.61
9,Clement,Trundler,ctrundler8@rediff.com,Male,117.171.64.234,Dinar,German,LTD Crown Victoria,$5975004.77
10,Wendel,MacCrackan,wmaccrackan9@engadget.com,Male,132.113.248.209,Peso,Swedish,1500,$8059969.72
11,Andee,Yetts,ayettsa@nationalgeographic.com,Female,41.107.14.189,Peso,Malagasy,Savana,$7672491.37
12,Cyril,O'Leagham,coleaghamb@paginegialle.it,Male,151.222.35.212,Kyat,Punjabi,Viper,$4429052.52
13,Wit,Gavin,wgavinc@opensource.org,Male,7.215.198.38,Bolivar,Thai,S80,$9495804.77
14,Morlee,O'Farrell,mofarrelld@list-manage.com,Male,238.247.102.7,Yuan Renminbi,Indonesian,5000CS Quattro,$9573133.01
15,Glennie,MacGill,gmacgille@smh.com.au,Female,64.210.246.14,Lek,Malay,Endeavor,$1224680.98
16,Roxy,Shrive,rshrivef@g.co,Female,95.239.130.234,Yuan Renminbi,New Zealand Sign Language,LTD Crown Victoria,$2294398.88
17,Tye,Plail,tplailg@time.com,Male,212.244.234.251,Peso,Gujarati,Sierra 2500,$2851664.65
18,Pascal,Toffanini,ptoffaninih@networksolutions.com,Male,173.177.116.217,Real,Armenian,4000s Quattro,$2900403.87
19,Huntington,Marfe,hmarfei@slashdot.org,Male,192.133.141.78,Euro,Telugu,QX,$277317.08
20,Bat,Callan,bcallanj@163.com,Male,178.246.216.25,Peso,Belarusian,Elantra,$3730433.17
21,Burty,Matches,bmatchesk@ft.com,Male,105.98.104.35,Yuan Renminbi,Telugu,Insight,$9834072.96
22,Raff,Seeger,rseegerl@symantec.com,Male,188.131.31.174,Rial,Dzongkha,Expo,$2379947.37
23,Zondra,Hugnot,zhugnotm@dagondesign.com,Female,115.141.188.244,Ruble,Albanian,Crown Victoria,$8018813.18
24,Chester,Maccaddie,cmaccaddien@amazon.com,Male,13.4.218.211,Lempira,Tswana,SRX,$3269639.46
25,Jonis,Kobierra,jkobierrao@webeden.co.uk,Female,55.92.103.158,Peso,Māori,3 Series,$5688226.25
26,Dannie,Woolford,dwoolfordp@umich.edu,Male,236.209.165.30,Tenge,Oriya,rio,$8217932.85
27,Abigale,Headingham,aheadinghamq@jugem.jp,Female,18.235.160.53,Yuan Renminbi,Polish,CLK-Class,$2022083.91
28,Jackquelin,Pauler,jpaulerr@twitpic.com,Female,33.116.118.24,Rial,Bengali,LR3,$8519267.70
29,Nollie,Doxsey,ndoxseys@time.com,Female,180.159.4.165,Koruna,Macedonian,xA,$91060.71
30,Delphine,Schutt,dschuttt@dyndns.org,Female,167.85.89.211,Ruble,Bosnian,Passat,$9876900.89
31,Ericka,Goldston,egoldstonu@google.pl,Female,193.57.129.35,Dollar,Dutch,Thunderbird,$15260.38
32,Pierce,Pfeiffer,ppfeifferv@un.org,Male,229.198.71.7,Ruble,German,Tahoe,$5798779.72
33,Ernestus,Barnicott,ebarnicottw@bizjournals.com,Male,145.65.20.37,Lempira,Ndebele,4Runner,$1837719.14
34,Neal,Birrel,nbirrelx@spotify.com,Male,22.3.107.216,Euro,French,Blazer,$7099650.46
35,Elbertina,Branchflower,ebranchflowery@sina.com.cn,Female,226.216.14.77,Yuan Renminbi,Chinese,SJ 410,$2964227.79
36,Sherline,Graffham,sgraffhamz@de.vu,Female,64.227.67.46,Ringgit,English,Express 1500,$8019889.24
37,Ainslee,Dance,adance10@nsw.gov.au,Female,98.222.157.49,Yuan Renminbi,Irish Gaelic,F350,$1511921.76
38,Lynn,Goodburn,lgoodburn11@51.la,Male,116.190.98.56,Euro,Kashmiri,Range Rover Sport,$8417353.47
39,Bobbye,Gladdifh,bgladdifh12@dmoz.org,Female,16.158.2.185,Rial,Māori,Grand Am,$465583.25
40,Carley,Vase,cvase13@yahoo.com,Female,132.75.200.103,Peso,Bengali,Expedition,$1283582.38
41,Haydon,Petrescu,hpetrescu14@pcworld.com,Male,155.65.130.251,Euro,Khmer,Pathfinder,$7763573.47
42,Roth,Ivkovic,rivkovic15@wordpress.com,Male,213.162.93.20,Rupee,Kashmiri,Verona,$2440540.28
43,Linnea,Ambrogioli,lambrogioli16@github.io,Female,29.216.238.20,Yuan Renminbi,Indonesian,Matrix,$4287983.52
44,Murdock,MacArthur,mmacarthur17@sbwire.com,Male,164.2.131.33,Real,Indonesian,QX,$9428251.30
45,Astrid,Fegan,afegan18@so-net.ne.jp,Female,195.93.230.129,Won,Spanish,Outback,$8561693.79
46,Dall,Catton,dcatton19@netscape.com,Male,30.9.69.124,Dollar,Danish,Fleetwood,$3528478.29
47,Homer,Wetherick,hwetherick1a@tuttocitta.it,Male,97.175.217.50,Denar,Georgian,ES,$2666024.08
48,Anselm,Prigmore,aprigmore1b@example.com,Male,137.15.133.90,Rupiah,Filipino,Corolla,$2667260.36
49,Merrick,Darcey,mdarcey1c@surveymonkey.com,Male,52.187.136.1,Tenge,Malay,Murano,$5326031.12
50,Dionysus,Render,drender1d@hostgator.com,Male,62.125.123.234,Rupee,Mongolian,QX,$7427178.99
51,Prinz,Merigon,pmerigon1e@parallels.com,Male,162.180.22.80,Tugrik,Māori,Pathfinder,$6717274.55
52,Gaultiero,Petrollo,gpetrollo1f@google.ru,Male,193.0.187.147,Yuan Renminbi,Chinese,Corolla,$981176.74
53,Wilt,Oliver,woliver1g@i2i.jp,Male,109.198.67.121,Yuan Renminbi,Dhivehi,Ranger,$8433649.85
54,Idell,Trevena,itrevena1h@elegantthemes.com,Female,106.171.247.205,Yuan Renminbi,Estonian,164,$970551.18
55,Gifford,Cawdell,gcawdell1i@kickstarter.com,Male,254.146.74.51,Peso,New Zealand Sign Language,Ram 1500,$2608314.66
56,Urbain,Broadfield,ubroadfield1j@mysql.com,Male,223.90.40.3,Peso,Bengali,TL,$4555527.94
57,Carlyn,Bedbury,cbedbury1k@aboutads.info,Female,249.112.145.101,Peso,Quechua,Montero Sport,$4998020.64
58,Kristan,Falloon,kfalloon1l@smh.com.au,Female,28.99.196.77,Dollar,Icelandic,911,$5396774.29
59,Rolando,Whaplington,rwhaplington1m@myspace.com,Male,5.237.230.245,Euro,Luxembourgish,Sky,$5004677.98
60,Yoshi,Waller-Bridge,ywallerbridge1n@forbes.com,Female,59.175.68.34,Rial,Estonian,Solara,$3612044.06
61,Garv,Wherton,gwherton1o@eventbrite.com,Male,175.11.127.49,Koruna,Malay,Prius,$569482.03
62,Novelia,Glyssanne,nglyssanne1p@wikipedia.org,Female,112.215.251.114,Euro,Pashto,S-Series,$8118929.31
63,Dael,Cholmondeley,dcholmondeley1q@weibo.com,Male,106.1.8.65,Dollar,Polish,W201,$6776758.91
64,Poppy,Zumbusch,pzumbusch1r@aboutads.info,Female,121.52.19.218,Peso,Japanese,Mazdaspeed 3,$6267781.04
65,Janeva,Liger,jliger1s@utexas.edu,Female,4.49.182.215,Rupiah,Assamese,Pajero,$4061578.09
66,Amii,Gabbotts,agabbotts1t@umich.edu,Female,231.13.151.24,Euro,Bosnian,4000s,$5199710.41
67,Saundra,Van Ross,svanross1u@google.com.hk,Male,162.21.238.119,Euro,West Frisian,Navajo,$8524699.08
68,Clarie,Posselow,cposselow1v@sbwire.com,Female,221.201.251.143,Peso,Japanese,Silverado 3500,$3104170.32
69,Ronni,Byrde,rbyrde1w@squidoo.com,Female,127.164.27.143,Zloty,Japanese,XC70,$9378130.06
70,Veronique,Sains,vsains1x@blogtalkradio.com,Female,106.131.158.170,Litas,Croatian,Crown Victoria,$9750592.53
71,Chantal,Fishburn,cfishburn1y@salon.com,Female,20.55.102.170,Yuan Renminbi,Greek,Accent,$5570699.09
72,Brittan,Bellas,bbellas1z@bbb.org,Female,116.60.241.26,Peso,Dzongkha,Land Cruiser,$2020455.40
73,Claiborn,Trayhorn,ctrayhorn20@cdbaby.com,Male,223.75.28.53,Yuan Renminbi,Quechua,Touareg,$9074316.81
74,Hulda,Vegas,hvegas21@pbs.org,Female,109.113.11.107,Real,Telugu,Ranger,$2967123.13
75,Allie,Croy,acroy22@bravesites.com,Male,34.138.137.188,Yuan Renminbi,Croatian,Accord,$3991612.93
76,Fara,Zorn,fzorn23@g.co,Female,122.216.166.158,Krona,Tsonga,Ipsum,$3634856.10
77,Abbe,Cufley,acufley24@about.me,Female,82.253.201.16,Hryvnia,Macedonian,Fiero,$1900450.31
78,Dino,Cranage,dcranage25@nih.gov,Male,114.210.118.46,Rupee,Bengali,Discovery Series II,$2039772.72
79,Ozzie,Tomik,otomik26@yolasite.com,Male,97.12.62.121,Yuan Renminbi,Swati,Land Cruiser,$2699579.86
80,Celestyn,D'Antoni,cdantoni27@opera.com,Female,104.222.153.58,Peso,Gujarati,F150,$2840115.41
81,Dicky,Haquin,dhaquin28@devhub.com,Male,64.9.49.5,Koruna,Dutch,Sonoma,$8058797.74
82,Aime,Doone,adoone29@jigsy.com,Female,210.81.186.195,Yuan Renminbi,Luxembourgish,Camry,$4868429.51
83,Janos,Frood,jfrood2a@cocolog-nifty.com,Male,147.119.86.147,Yuan Renminbi,Tamil,X-Type,$3730492.58
84,Shermie,Cruwys,scruwys2b@ucsd.edu,Male,96.198.9.153,Rupiah,Bengali,Suburban 2500,$4097765.65
85,Peder,Mariot,pmariot2c@qq.com,Male,1.22.101.103,Krona,Romanian,Lanos,$5622088.25
86,Isak,Blackey,iblackey2d@discuz.net,Male,107.231.232.114,Peso,Dzongkha,Avalanche 1500,$2535432.25
87,Remington,Darell,rdarell2e@cnbc.com,Male,195.47.96.104,Rupiah,Malagasy,Sonoma,$4948024.88
88,Brandtr,Twitching,btwitching2f@dyndns.org,Male,69.26.225.197,Euro,Persian,Talon,$9601485.71
89,Kearney,Whittenbury,kwhittenbury2g@histats.com,Male,99.147.87.229,Real,Burmese,Astro,$9523477.94
90,Ronny,Unsworth,runsworth2h@accuweather.com,Male,168.183.120.37,Pound,Oriya,960,$4218954.59
91,Cornelle,Tooke,ctooke2i@timesonline.co.uk,Female,242.185.241.148,Euro,Tamil,Countryman,$7797969.97
92,Elladine,Bearn,ebearn2j@weather.com,Female,2.213.254.232,Sol,Arabic,Skylark,$7216173.99
93,Suzanne,Elsdon,selsdon2k@wufoo.com,Female,61.17.81.201,Peso,Tetum,Mirage,$8723809.05
94,Florentia,Bazell,fbazell2l@rakuten.co.jp,Female,59.95.8.54,Baht,Chinese,Ram 3500,$1937461.94
95,Laurent,Hull,lhull2m@de.vu,Male,192.198.69.38,Rupiah,Hindi,Elan,$5808435.54
96,Calvin,Iseton,ciseton2n@elegantthemes.com,Male,170.55.193.210,Peso,Indonesian,Sonoma,$7835348.02
97,Anton,Ricciardi,aricciardi2o@seattletimes.com,Male,149.189.82.146,Dollar,Bengali,Town Car,$4916877.71
98,Ashton,Spoward,aspoward2p@skyrock.com,Male,118.110.101.55,Marka,Kyrgyz,Town Car,$3017702.77
99,Jemmy,Gilford,jgilford2q@zimbio.com,Female,140.16.32.59,Euro,Bengali,Precis,$4255107.74
100,Kelcie,Pettyfar,kpettyfar2r@forbes.com,Female,19.77.69.21,Ruble,Dari,Reno,$2931989.45
101,Larine,Golston,lgolston2s@go.com,Female,177.191.41.94,Rupiah,Oriya,E-Series,$8706904.75
102,Lurlene,Lowis,llowis2t@over-blog.com,Female,150.228.92.43,Yuan Renminbi,Macedonian,Lancer,$430324.76
103,Melissa,Marzelo,mmarzelo2u@google.cn,Female,67.207.79.38,Zloty,Tok Pisin,SRX,$9392551.27
104,Ilise,Streeter,istreeter2v@soup.io,Female,23.148.39.162,Euro,Azeri,9-7X,$6164098.04
105,Octavia,Giorgiutti,ogiorgiutti2w@twitpic.com,Female,122.167.223.133,Shekel,Oriya,GT500,$6846383.31
106,Weylin,Beynke,wbeynke2x@freewebs.com,Male,160.42.120.118,Ruble,Kyrgyz,Camry,$3672636.58
107,Kip,Krolman,kkrolman2y@unesco.org,Male,190.20.50.175,Yuan Renminbi,Norwegian,Malibu,$1940247.55
108,Zitella,Lyford,zlyford2z@intel.com,Female,1.70.214.100,Ruble,Japanese,QX,$1736826.89
109,Eal,Deamer,edeamer30@cbc.ca,Male,88.240.35.42,Rupiah,Portuguese,Talon,$1533691.79
110,Noel,Manning,nmanning31@state.tx.us,Male,118.195.120.147,Real,Afrikaans,Sebring,$6357253.17
111,Meryl,Attride,mattride32@amazon.co.uk,Male,94.148.165.70,Dollar,Quechua,C-Class,$2368618.62
112,Marna,Pegrum,mpegrum33@ed.gov,Female,112.84.83.89,Yuan Renminbi,Dzongkha,750,$7142469.99
113,Sancho,Nevett,snevett34@google.com.br,Male,17.242.126.183,Rupiah,Afrikaans,Liberty,$3156818.44
114,Jazmin,Sparway,jsparway35@taobao.com,Female,133.83.173.61,Franc,Hindi,Xterra,$2093310.18
115,Gilemette,Waltering,gwaltering36@de.vu,Female,230.99.154.110,Peso,Malay,F150,$7276196.82
116,Isacco,Betty,ibetty37@lycos.com,Male,95.235.4.145,Real,Filipino,Seville,$100025.10
117,Byram,Goldsberry,bgoldsberry38@zimbio.com,Male,128.18.218.169,Dollar,Japanese,Sebring,$585527.55
118,Madelena,Farncombe,mfarncombe39@admin.ch,Female,106.45.35.10,Ruble,Maltese,Pajero,$192438.60
119,Lynett,de Werk,ldewerk3a@home.pl,Female,96.65.88.124,Euro,Belarusian,Esprit,$4852133.27
120,Tynan,Outram,toutram3b@reuters.com,Male,41.247.77.233,Dirham,Māori,S-Class,$4761429.69
121,Cathyleen,Twentyman,ctwentyman3c@opensource.org,Female,83.59.166.241,Yuan Renminbi,French,Corvette,$5870576.67
122,Faustine,Jouannin,fjouannin3d@blogtalkradio.com,Female,236.209.239.148,Ruble,Punjabi,Sequoia,$5122287.51
123,Elbertina,Kermitt,ekermitt3e@cmu.edu,Female,211.169.120.225,Ruble,Icelandic,SLK-Class,$8759770.32
124,Wit,Gracewood,wgracewood3f@canalblog.com,Male,252.174.22.222,Yuan Renminbi,Guaraní,Continental Super,$5271899.12
125,Billy,Bozworth,bbozworth3g@forbes.com,Male,247.179.170.171,Rupiah,Tamil,CLK-Class,$2361841.20
126,Emilee,Keating,ekeating3h@github.io,Female,233.180.10.253,Shilling,Kyrgyz,Viper,$6946354.26
127,Nil,de Quincey,ndequincey3i@nasa.gov,Male,8.76.54.111,Peso,Greek,Caliber,$3352297.17
128,Tildie,Griffey,tgriffey3j@patch.com,Female,91.225.202.160,Peso,Pashto,Range Rover Sport,$7477685.04
129,Henderson,Alejandre,halejandre3k@mayoclinic.com,Male,97.174.63.94,Yuan Renminbi,Macedonian,Breeze,$7344488.60
130,Renate,Bamlet,rbamlet3l@rambler.ru,Female,41.208.112.132,Franc,Tsonga,G-Class,$5681430.63
131,Brant,Prewer,bprewer3m@yale.edu,Male,83.144.231.223,Dollar,Bengali,Bonneville,$7465223.09
132,Neile,Borsi,nborsi3n@w3.org,Female,22.91.111.27,Rupiah,Italian,Sienna,$4485659.15
133,Filmore,Eastbrook,feastbrook3o@about.com,Male,212.173.15.52,Dollar,Montenegrin,Endeavor,$3858259.50
134,Adriane,Dibbin,adibbin3p@yahoo.co.jp,Female,0.255.199.39,Dollar,Tsonga,Montana,$8211235.91
135,Irwinn,Goodredge,igoodredge3q@cloudflare.com,Male,90.71.117.42,Hryvnia,Marathi,F-Series,$6715206.89
136,Cord,Mead,cmead3r@clickbank.net,Male,43.166.50.215,Real,Dzongkha,E-Class,$9236316.45
137,Sterne,Sillwood,ssillwood3s@mayoclinic.com,Male,184.191.159.74,Yuan Renminbi,Tsonga,R32,$5183879.91
138,Hammad,Westoff,hwestoff3t@time.com,Male,213.80.197.52,Shilling,French,Truck,$4856903.83
139,Ellerey,Clowsley,eclowsley3u@hexun.com,Male,200.114.199.122,Yuan Renminbi,Kashmiri,Excursion,$2899704.14
140,Gilbertine,Duffet,gduffet3v@furl.net,Female,48.221.196.83,Yuan Renminbi,Norwegian,GTI,$5621982.03
141,Thibaud,Channing,tchanning3w@wix.com,Male,154.68.104.120,Real,Malagasy,Truck,$2716802.23
142,Murielle,Alvy,malvy3x@nba.com,Female,7.95.76.61,Ruble,Lithuanian,Discovery,$6643726.60
143,Michaeline,Mifflin,mmifflin3y@kickstarter.com,Female,122.23.39.149,Sol,Kannada,Yukon XL 1500,$242970.54
144,Nance,Saffen,nsaffen3z@fda.gov,Female,56.234.175.97,Zloty,Tajik,Blazer,$2906308.81
145,Annamaria,Highton,ahighton40@google.nl,Female,87.29.20.197,Krona,Persian,Tracer,$7898649.23
146,Dorice,Crennell,dcrennell41@indiatimes.com,Female,12.224.173.204,Real,Czech,Econoline E150,$5336183.56
147,Nicko,Desvignes,ndesvignes42@bizjournals.com,Male,60.146.139.132,Real,Hiri Motu,Quattroporte,$9774126.14
148,Carlota,Crosthwaite,ccrosthwaite43@adobe.com,Female,233.79.141.79,Euro,Latvian,Rally Wagon 3500,$2364326.48
149,Bobbette,Ollarenshaw,bollarenshaw44@google.ca,Female,201.24.148.127,Peso,Aymara,Continental Flying Spur,$5506896.70
150,Mela,Ioselev,mioselev45@miitbeian.gov.cn,Female,185.26.15.233,Euro,Assamese,Avalon,$6385745.00
151,Quint,Nettleship,qnettleship46@umich.edu,Male,104.66.2.55,Yuan Renminbi,Gagauz,Sierra 1500,$7262749.49
152,Lars,Fewell,lfewell47@foxnews.com,Male,69.52.195.102,Pound,Italian,RAV4,$5335899.97
153,Isahella,Haster,ihaster48@kickstarter.com,Female,140.23.10.228,Yuan Renminbi,Kashmiri,Esprit,$8261250.26
154,Nichol,Schaumaker,nschaumaker49@taobao.com,Female,107.73.252.88,Ruble,Italian,Aspire,$1451830.50
155,Roldan,Woodford,rwoodford4a@printfriendly.com,Male,179.43.145.47,Yuan Renminbi,Sotho,300ZX,$4107032.40
156,Wakefield,Milius,wmilius4b@instagram.com,Male,149.146.17.175,Yuan Renminbi,Lao,Stratus,$3226239.15
157,Ryley,Getten,rgetten4c@bandcamp.com,Male,161.188.216.148,Real,Malayalam,Avalon,$1265975.71
158,Mahmud,Ogilby,mogilby4d@dyndns.org,Male,242.102.157.215,Zloty,Bulgarian,Somerset,$5455754.47
159,Alessandro,Sandham,asandham4e@infoseek.co.jp,Male,147.39.196.102,Yuan Renminbi,Bulgarian,Ram 1500,$9507902.92
160,Zared,Silverman,zsilverman4f@bravesites.com,Male,82.124.93.44,Peso,Spanish,Ram Van 1500,$9918596.09
161,Dino,Eastbury,deastbury4g@irs.gov,Male,68.90.66.239,Rupiah,Dari,Mazda5,$2022425.36
162,Wolfgang,Fisk,wfisk4h@opera.com,Male,234.75.237.37,Euro,Albanian,A4,$5601015.45
163,Janela,Whitton,jwhitton4i@cornell.edu,Female,211.255.144.125,Ruble,Indonesian,Grand Marquis,$2731329.16
164,Tandy,Digg,tdigg4j@blogs.com,Female,165.51.107.75,Koruna,Romanian,Rally Wagon 1500,$3035551.71
165,Nealy,Bernardez,nbernardez4k@google.com.br,Male,35.96.57.14,Euro,Portuguese,XC90,$1305161.24
166,Erminie,Gatward,egatward4l@netvibes.com,Female,146.24.244.66,Ruble,Aymara,R8,$7633225.78
167,Ida,Esch,iesch4m@ox.ac.uk,Female,40.18.130.184,Pound,Dhivehi,CLK-Class,$9907196.99
168,Codi,Kmietsch,ckmietsch4n@dot.gov,Male,60.255.214.46,Peso,Tetum,Z8,$6307995.75
169,Desdemona,Merigon,dmerigon4o@narod.ru,Female,96.194.90.84,Yuan Renminbi,Irish Gaelic,100,$9882454.01
170,Caressa,Sommerlin,csommerlin4p@un.org,Female,68.106.241.169,Yuan Renminbi,Moldovan,Grand Cherokee,$8553730.19
171,Moselle,Cowle,mcowle4q@ask.com,Female,152.76.182.128,Yuan Renminbi,Dutch,Highlander,$3332988.17
172,Minni,Kester,mkester4r@google.co.uk,Female,67.80.77.103,Cordoba,Irish Gaelic,Pathfinder,$6383650.06
173,Orella,Von Salzberg,ovonsalzberg4s@hibu.com,Female,159.2.5.172,Yuan Renminbi,Hebrew,Ascender,$5378485.20
174,Wynn,Mates,wmates4t@123-reg.co.uk,Male,5.204.25.133,Yuan Renminbi,Gujarati,911,$8935401.17
175,Cullin,Lemonnier,clemonnier4u@techcrunch.com,Male,230.231.100.24,Baht,Tok Pisin,Freelander,$5779440.06
176,Klement,Kellet,kkellet4v@twitpic.com,Male,146.241.197.215,Baht,Malay,Ipsum,$3054654.03
177,Waverly,Lackie,wlackie4w@ucoz.ru,Male,39.240.17.242,Pound,Polish,C70,$4920089.94
178,Aline,Deny,adeny4x@howstuffworks.com,Female,157.204.62.55,Rupiah,Afrikaans,Bravada,$7031155.35
179,Gerda,Coggan,gcoggan4y@booking.com,Female,210.198.48.79,Euro,Dutch,Grand Prix,$1990090.03
180,Jareb,Broster,jbroster4z@dedecms.com,Male,243.77.70.216,Litas,Luxembourgish,Armada,$4126807.41
181,Dale,Jouhan,djouhan50@icio.us,Male,6.40.40.109,Yuan Renminbi,New Zealand Sign Language,Eurovan,$1556085.80
182,Dunstan,Yanyushkin,dyanyushkin51@walmart.com,Male,22.214.38.164,Yuan Renminbi,Yiddish,TL,$8457656.03
183,Jasper,Hodgins,jhodgins52@pagesperso-orange.fr,Male,248.188.15.51,Peso,Italian,Ram Van 2500,$2979768.78
184,Michael,Rix,mrix53@alexa.com,Male,121.67.69.196,Yuan Renminbi,Portuguese,Cabriolet,$5455254.76
185,Iain,Cavendish,icavendish54@umn.edu,Male,228.176.182.79,Leone,Afrikaans,S10 Blazer,$6816645.36
186,Reta,Bassil,rbassil55@state.gov,Female,91.36.210.10,Yuan Renminbi,Azeri,3 Series,$5575714.78
187,Nissie,Kynastone,nkynastone56@howstuffworks.com,Female,6.200.59.160,Baht,Lithuanian,Elantra,$6989735.82
188,Wolfgang,Ind,wind57@discovery.com,Male,53.16.105.220,Rupiah,Polish,RAV4,$414765.08
189,Brandice,Gludor,bgludor58@ebay.com,Female,51.115.232.52,Tenge,Bulgarian,Savana,$8825242.03
190,Tania,Silly,tsilly59@vimeo.com,Female,26.187.182.135,Euro,Kashmiri,Sentra,$3199275.29
191,Garrot,Dulling,gdulling5a@webmd.com,Male,206.88.211.60,Zloty,West Frisian,Ram 1500,$9091377.46
192,Malissia,Teece,mteece5b@howstuffworks.com,Female,55.185.84.46,Peso,Somali,Sonoma Club Coupe,$2708533.50
193,Gamaliel,Brimacombe,gbrimacombe5c@gmpg.org,Male,40.113.59.196,Peso,Bislama,S-Type,$7717985.53
194,Sherye,Pfeuffer,spfeuffer5d@ameblo.jp,Female,0.16.10.123,Yuan Renminbi,Pashto,CC,$2969639.56
195,Harriett,Gerrietz,hgerrietz5e@marriott.com,Female,146.94.115.178,Yuan Renminbi,Papiamento,Monaro,$8629342.90
196,Marga,Amott,mamott5f@npr.org,Female,102.51.164.223,Lev,Luxembourgish,Econoline E350,$2921570.37
197,Maurits,Ponte,mponte5g@ehow.com,Male,101.151.209.50,Tugrik,Armenian,Suburban 2500,$5960623.33
198,Albertina,Rosenhaus,arosenhaus5h@reference.com,Female,61.55.229.211,Rand,Armenian,G-Class,$1289126.54
199,Cesya,Grinsted,cgrinsted5i@time.com,Female,143.68.62.138,Euro,Zulu,Grand Prix,$7808170.69
200,Rollie,Blinkhorn,rblinkhorn5j@hatena.ne.jp,Male,83.225.182.152,Peso,Lao,Taurus,$1723440.04
201,Glennis,Swindlehurst,gswindlehurst5k@wordpress.com,Female,174.32.100.159,Yen,Tajik,Fusion,$4677970.28
202,Pepillo,Rijkeseis,prijkeseis5l@google.nl,Male,12.141.224.249,Yuan Renminbi,Kannada,E-Class,$3102547.12
203,Abner,Edgler,aedgler5m@ucla.edu,Male,5.244.229.54,Rupiah,Kashmiri,929,$2015865.42
204,Elysee,Brogden,ebrogden5n@narod.ru,Female,145.142.10.196,Sol,Swahili,Tracker,$2185247.97
205,Gordy,Molian,gmolian5o@networksolutions.com,Male,65.138.125.186,Euro,Guaraní,4000s Quattro,$7645224.74
206,Sutton,Parkins,sparkins5p@answers.com,Male,80.248.40.134,Yuan Renminbi,West Frisian,XT,$5643461.83
207,Arte,Fellgett,afellgett5q@webs.com,Male,53.5.48.79,Krona,Luxembourgish,Envoy,$2331295.33
208,Deb,Bow,dbow5r@nsw.gov.au,Female,127.193.242.81,Yuan Renminbi,Catalan,Yukon XL 1500,$6475178.62
209,Byrom,Banham,bbanham5s@mapy.cz,Male,78.87.134.104,Yuan Renminbi,Swahili,Amigo,$5328810.33
210,Nealson,Jouhandeau,njouhandeau5t@google.es,Male,194.253.13.193,Yuan Renminbi,Moldovan,Transit Connect,$9845764.56
211,Guglielma,McEvay,gmcevay5u@netlog.com,Female,147.19.40.92,Krona,Hungarian,RS 6,$4988446.89
212,Shelli,Waplinton,swaplinton5v@people.com.cn,Female,84.96.68.191,Rupiah,Malagasy,Shadow,$9898120.62
213,Richart,Torre,rtorre5w@quantcast.com,Male,246.214.213.219,Manat,Macedonian,Villager,$3528348.03
214,Silva,Nobles,snobles5x@jugem.jp,Female,102.170.123.129,Rupee,West Frisian,Civic GX,$3291403.24
215,Amelia,Jolliss,ajolliss5y@uiuc.edu,Female,149.148.233.4,Yuan Renminbi,Kazakh,Dakota Club,$4017827.02
216,Clair,Lerer,clerer5z@bandcamp.com,Male,25.107.15.105,Zloty,Hebrew,Mark VIII,$2930316.70
217,Jon,Drinkel,jdrinkel60@nih.gov,Male,175.207.5.103,Peso,Portuguese,Rodeo,$7913923.19
218,Eran,Tilly,etilly61@qq.com,Female,26.73.72.248,Shilling,Māori,Sonata,$6404444.74
219,Rockwell,Capps,rcapps62@devhub.com,Male,140.225.120.52,Real,Nepali,Cayenne,$2880782.84
220,Cathrin,Schistl,cschistl63@yelp.com,Female,107.52.91.56,Peso,Latvian,Expedition,$5101608.92
221,Tyrone,Beentjes,tbeentjes64@reuters.com,Male,168.122.191.24,Ruble,Kyrgyz,Firebird,$3549760.38
222,Brittne,Riepl,briepl65@people.com.cn,Female,180.32.229.251,Peso,Catalan,SLK-Class,$1317721.78
223,Stanwood,Jouning,sjouning66@icio.us,Male,148.79.237.180,Yuan Renminbi,Armenian,M Roadster,$1665042.66
224,Kevin,Henrys,khenrys67@buzzfeed.com,Male,106.216.164.192,Dong,Belarusian,CLS-Class,$1249791.89
225,Mitchel,Rodenburgh,mrodenburgh68@jiathis.com,Male,176.154.43.29,Yuan Renminbi,Hebrew,Silhouette,$1020381.70
226,Hazel,Waldrum,hwaldrum69@jiathis.com,Female,183.236.8.218,Yuan Renminbi,Quechua,Ram,$9559039.46
227,Mar,Pascall,mpascall6a@acquirethisname.com,Male,33.0.197.111,Ringgit,Oriya,Express 2500,$9234477.10
228,Katee,Lezemore,klezemore6b@phoca.cz,Female,192.209.59.139,Dollar,Azeri,C-Class,$1711731.05
229,Heddie,Sherlaw,hsherlaw6c@etsy.com,Female,35.62.64.107,Yuan Renminbi,Nepali,Gran Sport,$9404274.12
230,Olivia,Twell,otwell6d@goo.ne.jp,Female,67.147.10.20,Peso,Filipino,Trans Sport,$8842607.79
231,Brantley,Barstock,bbarstock6e@ezinearticles.com,Male,52.146.208.17,Yuan Renminbi,English,LTD Crown Victoria,$4015452.54
232,Norman,Prestner,nprestner6f@noaa.gov,Male,253.200.163.80,Pound,Fijian,Vanquish S,$5016796.16
233,Trix,LeEstut,tleestut6g@smugmug.com,Female,213.244.8.211,Yuan Renminbi,Swahili,Vibe,$5396074.04
234,Kris,Beedham,kbeedham6h@google.fr,Female,211.221.249.44,Baht,Armenian,MX-6,$5055548.75
235,Benoit,Rebanks,brebanks6i@arizona.edu,Male,42.105.31.124,Euro,Tok Pisin,Grand Caravan,$9045721.38
236,Rafe,Patman,rpatman6j@g.co,Male,40.222.253.121,Rupiah,Swati,Grand Marquis,$9775063.25
237,Archibaldo,Deroche,aderoche6k@nature.com,Male,225.14.25.168,Yuan Renminbi,Lithuanian,Mountaineer,$5163787.19
238,Lanny,Gorch,lgorch6l@washingtonpost.com,Male,134.174.74.222,Euro,French,H1,$6716242.00
239,Harlin,Denziloe,hdenziloe6m@pagesperso-orange.fr,Male,239.219.99.124,Rupiah,Malay,Murciélago,$2783856.74
240,Kelci,Berick,kberick6n@odnoklassniki.ru,Female,86.55.62.14,Lempira,Irish Gaelic,Jetta,$6232769.83
241,Valentin,Butting,vbutting6o@nytimes.com,Male,207.149.214.71,Rupiah,Portuguese,Touareg,$2320040.06
242,Franni,Bonallack,fbonallack6p@canalblog.com,Female,175.125.214.58,Dollar,Montenegrin,Equinox,$5829291.94
243,Rustie,Izard,rizard6q@dion.ne.jp,Male,63.124.114.181,Krona,Gujarati,Grand Prix,$1971288.17
244,Marie-ann,Weighell,mweighell6r@amazon.co.jp,Female,64.9.170.55,Euro,Romanian,Classic,$1854734.37
245,Gerrilee,Kobsch,gkobsch6s@wunderground.com,Female,177.187.193.81,Koruna,Montenegrin,626,$3508754.94
246,Roxane,Heffer,rheffer6t@goodreads.com,Female,161.144.76.1,Krona,Swati,3 Series,$7969395.70
247,Ardella,Haskayne,ahaskayne6u@youtu.be,Female,59.207.185.126,Franc,Maltese,V70,$2520660.46
248,Graehme,Naughton,gnaughton6v@tinypic.com,Male,234.128.222.63,Rupee,Luxembourgish,GT,$2253340.98
249,Janeta,Karpeev,jkarpeev6w@cnet.com,Female,3.251.255.157,Yuan Renminbi,Greek,Accord,$6511439.51
250,Elvera,Rummer,erummer6x@marketwatch.com,Female,89.51.220.107,Yuan Renminbi,Polish,Continental,$904173.39
251,Damien,Leopard,dleopard6y@ezinearticles.com,Male,194.244.97.246,Real,Malagasy,RX,$1911316.40
252,Windham,Lindsey,wlindsey6z@networksolutions.com,Male,110.20.18.238,Balboa,Bosnian,Ram Van 2500,$528103.67
253,Suellen,Twydell,stwydell70@privacy.gov.au,Female,233.109.11.192,Kwanza,Tamil,Park Avenue,$2181583.77
254,Jeromy,Spurdens,jspurdens71@apache.org,Male,207.87.141.199,Koruna,Dhivehi,SM,$7775538.99
255,Joannes,Banger,jbanger72@exblog.jp,Female,205.6.232.44,Sol,Kazakh,Rabbit,$1470513.65
256,Zabrina,Stares,zstares73@cornell.edu,Female,122.51.207.134,Rupiah,Northern Sotho,RX-7,$91157.36
257,Sherman,Kitcatt,skitcatt74@msn.com,Male,29.26.170.138,Koruna,Bislama,Freestar,$6541959.61
258,Anita,Lindell,alindell75@nps.gov,Female,245.22.179.108,Dinar,Bosnian,80,$4090748.00
259,Donna,Patry,dpatry76@google.com.br,Female,214.223.104.134,Yuan Renminbi,Italian,Yukon XL 1500,$2276651.71
260,Rena,Grendon,rgrendon77@uol.com.br,Female,255.174.200.48,Yuan Renminbi,Guaraní,Blazer,$4380465.66
261,Kelley,Felder,kfelder78@indiegogo.com,Female,87.247.100.134,Ruble,Kyrgyz,CLK-Class,$4054418.30
262,Piggy,Balderston,pbalderston79@cdbaby.com,Male,68.203.7.26,Yuan Renminbi,Thai,Capri,$7843825.70
263,Elsinore,Martt,emartt7a@patch.com,Female,160.202.228.212,Euro,Dari,Genesis,$3090104.22
264,Chick,Elsegood,celsegood7b@google.com.hk,Male,144.49.173.10,Peso,Māori,SL-Class,$2376721.84
265,Adoree,McGow,amcgow7c@usgs.gov,Female,152.133.203.85,Ruble,Malagasy,Trans Sport,$3582876.13
266,Bev,Cajkler,bcajkler7d@macromedia.com,Female,57.102.1.255,Zloty,Tetum,Starion,$7134605.67
267,Gertrud,Penk,gpenk7e@pinterest.com,Female,80.84.98.109,Koruna,Tsonga,Xterra,$7135989.63
268,Alessandra,Ohrtmann,aohrtmann7f@alibaba.com,Female,22.112.149.214,Rupee,Portuguese,645,$6888677.80
269,Valle,Urvoy,vurvoy7g@storify.com,Male,213.135.59.129,Cordoba,Bengali,Grand Marquis,$6377773.20
270,Leyla,Coombe,lcoombe7h@youtube.com,Female,72.236.55.113,Euro,Czech,Outback,$8042177.91
271,Oberon,Stirrip,ostirrip7i@howstuffworks.com,Male,205.246.108.84,Rupiah,Kazakh,Ram 2500,$7161552.55
272,Artus,Janowski,ajanowski7j@google.com.br,Male,40.129.38.157,Franc,Gujarati,E-Class,$1684400.85
273,Bobby,McEnhill,bmcenhill7k@blogger.com,Male,236.72.5.224,Euro,Bosnian,xD,$7815239.75
274,Joya,Leeb,jleeb7l@dedecms.com,Female,81.4.152.213,Euro,Māori,Sunbird,$7299977.61
275,Tanny,Diggles,tdiggles7m@storify.com,Male,42.175.75.56,Rial,Punjabi,XLR-V,$1421575.48
276,Teador,Salmons,tsalmons7n@flickr.com,Male,207.22.181.249,Euro,Burmese,Celica,$1067575.41
277,Bernelle,Silverston,bsilverston7o@trellian.com,Female,207.23.202.55,Yuan Renminbi,Catalan,Vandura 3500,$7368458.58
278,Radcliffe,Norster,rnorster7p@geocities.com,Male,202.145.31.34,Euro,Swedish,Town Car,$8103025.45
279,Curran,Gallemore,cgallemore7q@mozilla.com,Male,233.88.217.249,Yuan Renminbi,Belarusian,Montero Sport,$9374831.41
280,Abbot,Wolvey,awolvey7r@xinhuanet.com,Male,105.215.17.210,Yuan Renminbi,Swati,F-Series Super Duty,$7818762.42
281,Joseito,Sydes,jsydes7s@canalblog.com,Male,153.42.230.75,Sol,Hungarian,Loyale,$6071298.10
282,Florri,Mays,fmays7t@lycos.com,Female,200.199.108.23,Yuan Renminbi,Kazakh,C/V,$2348556.67
283,Felix,Mabon,fmabon7u@bloomberg.com,Male,55.101.250.105,Shekel,Malagasy,A4,$4892524.59
284,Kamila,Dowrey,kdowrey7v@usatoday.com,Female,33.255.152.48,Won,Gagauz,Optima,$2461418.29
285,Jacky,Dayton,jdayton7w@vkontakte.ru,Female,88.241.125.156,Peso,Albanian,Talon,$9520765.47
286,Sophie,Beagin,sbeagin7x@microsoft.com,Female,155.41.248.84,Franc,French,VUE,$9098438.84
287,Xena,Hedney,xhedney7y@vistaprint.com,Female,79.31.181.18,Yuan Renminbi,Kannada,CC,$384779.09
288,Rad,Copper,rcopper7z@gizmodo.com,Male,100.192.54.87,Rupiah,Hungarian,Silhouette,$6199812.67
289,Genna,Denyukin,gdenyukin80@statcounter.com,Female,246.109.137.187,Real,Fijian,Eos,$9194822.66
290,Janeen,Trevance,jtrevance81@deviantart.com,Female,191.1.138.209,Peso,Portuguese,Legacy,$2360925.86
291,Giffard,Fryman,gfryman82@shop-pro.jp,Male,168.118.224.127,Ruble,Icelandic,Boxster,$4927433.48
292,Jard,Magauran,jmagauran83@paginegialle.it,Male,102.44.19.226,Rupee,Georgian,Malibu,$9724957.32
293,Jacky,Witul,jwitul84@edublogs.org,Male,220.170.224.145,Lempira,Chinese,Sephia,$2380228.47
294,Giulietta,Wyley,gwyley85@china.com.cn,Female,143.250.74.107,Krone,Bislama,NV1500,$8437813.00
295,Josefa,Murtell,jmurtell86@google.com.au,Female,185.4.22.30,Leu,Irish Gaelic,F350,$2716326.50
296,Dahlia,Timblett,dtimblett87@purevolume.com,Female,105.143.152.147,Peso,Filipino,Express 3500,$8794611.39
297,Kennedy,Shapira,kshapira88@hhs.gov,Male,208.51.222.36,Lev,Japanese,Legacy,$5286076.13
298,Moyna,Gaither,mgaither89@friendfeed.com,Female,188.53.237.120,Peso,Korean,Suburban 1500,$1099261.95
299,Annabal,Buttriss,abuttriss8a@toplist.cz,Female,130.57.106.190,Krona,Bulgarian,Caravan,$2012506.94
300,Bridget,Peagram,bpeagram8b@fc2.com,Female,138.240.92.159,Rand,Albanian,88,$7456434.54
301,Garnette,Songhurst,gsonghurst8c@microsoft.com,Female,207.245.45.224,Lev,Tsonga,Lucerne,$5661890.63
302,Augustus,Lampert,alampert8d@china.com.cn,Male,147.131.27.51,Dollar,Macedonian,Corvette,$8424945.81
303,Xylina,Gommes,xgommes8e@psu.edu,Female,216.192.6.75,Peso,Tamil,C/V,$5285849.64
304,Gaby,Quadrio,gquadrio8f@hexun.com,Female,156.133.235.123,Yuan Renminbi,Kurdish,MKT,$4573835.86
305,Damita,Hekkert,dhekkert8g@microsoft.com,Female,142.221.235.91,Peso,Amharic,Silverado 1500,$3389626.40
306,Gweneth,Kelshaw,gkelshaw8h@printfriendly.com,Female,70.188.240.109,Yuan Renminbi,Swedish,RX-8,$1875213.21
307,Johannes,Bresnen,jbresnen8i@delicious.com,Male,13.6.86.57,Ngultrum,Thai,i-Series,$8176913.14
308,Diann,Trenfield,dtrenfield8j@pinterest.com,Female,211.33.50.22,Rupiah,Marathi,Matrix,$795155.29
309,Teador,Steptow,tsteptow8k@cargocollective.com,Male,212.6.110.52,Ruble,Malayalam,911,$5197205.21
310,Burk,Copcott,bcopcott8l@spiegel.de,Male,146.88.116.124,Yuan Renminbi,Finnish,Pajero,$2559838.94
311,Herve,Eite,heite8m@barnesandnoble.com,Male,201.132.188.227,Ruble,Croatian,Explorer,$2089119.30
312,Marwin,Baldoni,mbaldoni8n@netscape.com,Male,33.89.29.173,Euro,Kazakh,GTI,$2896079.00
313,Walt,Weyland,wweyland8o@geocities.com,Male,0.92.254.84,Yuan Renminbi,German,del Sol,$6703275.90
314,Olia,Caesmans,ocaesmans8p@acquirethisname.com,Female,171.238.97.178,Ruble,Aymara,Discovery Series II,$7433929.27
315,Ginger,Goublier,ggoublier8q@cocolog-nifty.com,Male,141.64.17.223,Peso,Kazakh,H2,$8461014.14
316,Bobbe,Fluck,bfluck8r@loc.gov,Female,236.83.74.64,Rupiah,Czech,Spectra5,$8198023.25
317,Keir,Domnick,kdomnick8s@nbcnews.com,Male,30.215.208.145,Peso,Azeri,S70,$2309661.52
318,Neils,Gostage,ngostage8t@nih.gov,Male,7.180.133.195,Bolivar,Albanian,Carens,$8262759.32
319,Nancee,Menicomb,nmenicomb8u@nih.gov,Female,140.210.168.185,Ruble,Indonesian,Challenger,$5985449.42
320,Lizabeth,Grcic,lgrcic8v@google.com.br,Female,7.124.125.71,Dollar,Portuguese,SLK-Class,$2238972.91
321,Benito,Gilburt,bgilburt8w@latimes.com,Male,149.130.166.119,Yuan Renminbi,Malay,CLK-Class,$3173318.69
322,Ludvig,Bleibaum,lbleibaum8x@europa.eu,Male,103.229.140.56,Dong,Macedonian,LS,$2110403.44
323,Laurie,Huskisson,lhuskisson8y@mozilla.com,Male,199.40.156.118,Euro,Telugu,Tundra,$811523.68
324,Lucille,Wixon,lwixon8z@meetup.com,Female,44.34.59.250,Dollar,Polish,Tahoe,$6675810.02
325,Mac,Blackly,mblackly90@reuters.com,Male,56.93.58.83,Euro,Croatian,Avalanche,$2469740.40
326,Ricardo,Thomelin,rthomelin91@irs.gov,Male,114.195.53.248,Shilling,Mongolian,2500,$9867213.33
327,Nerita,Sebastian,nsebastian92@canalblog.com,Female,8.109.134.85,Yuan Renminbi,Tamil,M3,$4971761.01
328,Damien,Holde,dholde93@google.com.au,Male,85.116.38.224,Yuan Renminbi,German,S8,$163067.36
329,Batsheva,Stellman,bstellman94@netscape.com,Female,189.114.203.20,Yuan Renminbi,Dhivehi,200SX,$7008660.99
330,Obadiah,Fury,ofury95@nasa.gov,Male,150.238.45.175,Rupiah,Bosnian,Econoline E150,$8117256.56
331,Clint,Kiddell,ckiddell96@cnet.com,Male,48.187.74.133,Baht,Azeri,Tempest,$9980944.55
332,Damon,Burree,dburree97@acquirethisname.com,Male,225.188.176.196,Yuan Renminbi,Northern Sotho,Yaris,$944043.22
333,Josy,Gouldbourn,jgouldbourn98@yahoo.co.jp,Female,13.253.96.189,Yuan Renminbi,Romanian,A8,$276504.71
334,Dagmar,Esseby,desseby99@skyrock.com,Female,112.51.168.105,Euro,Persian,Freelander,$4295494.93
335,Bernardo,Reggler,breggler9a@nbcnews.com,Male,220.106.116.92,Peso,Hebrew,E-Series,$1926511.51
336,Booth,Godspeede,bgodspeede9b@over-blog.com,Male,117.97.55.229,Real,Czech,929,$2143576.68
337,Dirk,Olford,dolford9c@dmoz.org,Male,83.82.244.10,Rupiah,Irish Gaelic,Camry,$27092.92
338,Ignacio,MacLoughlin,imacloughlin9d@chron.com,Male,60.202.61.179,Dirham,Georgian,Highlander,$2235883.69
339,Ramonda,Cristobal,rcristobal9e@amazonaws.com,Female,111.112.159.231,Yuan Renminbi,Hiri Motu,Ciera,$3734068.60
340,Jacques,Crossgrove,jcrossgrove9f@sphinn.com,Male,155.131.178.126,Yen,Maltese,Grand Marquis,$5287479.49
341,Otes,Alyokhin,oalyokhin9g@flickr.com,Male,187.3.55.241,Yen,New Zealand Sign Language,RX-8,$8127308.54
342,Hansiain,Malone,hmalone9h@squarespace.com,Male,169.26.195.39,Peso,Icelandic,Shadow,$4014149.34
343,Rosemonde,Cutmore,rcutmore9i@geocities.com,Female,51.239.49.172,Baht,Azeri,Rondo,$3463738.81
344,Ardine,Pendrich,apendrich9j@oracle.com,Female,93.72.98.237,Euro,Estonian,Talon,$7810407.48
345,Sherilyn,Antonnikov,santonnikov9k@w3.org,Female,218.248.255.97,Yen,Korean,Windstar,$9463940.68
346,Woodman,Hearley,whearley9l@sciencedaily.com,Male,27.247.62.14,Rupiah,Catalan,S4,$3375036.70
347,Shawn,Gee,sgee9m@webeden.co.uk,Male,163.149.17.95,Franc,Tetum,Lumina,$346368.72
348,Dugald,Dexter,ddexter9n@drupal.org,Male,205.172.238.234,Rial,Kashmiri,Suburban 1500,$6731994.04
349,Imogene,Dillestone,idillestone9o@wikipedia.org,Female,217.191.145.100,Euro,Northern Sotho,Mazda3,$7693179.93
350,Ogdan,Eyers,oeyers9p@ucoz.ru,Male,179.18.111.54,Sol,Aymara,Taurus,$3141887.35
351,Alisha,Poker,apoker9q@theguardian.com,Female,8.250.160.237,Zloty,Persian,Stratus,$5182031.39
352,Salli,Bavridge,sbavridge9r@ft.com,Female,16.187.159.9,Yuan Renminbi,Catalan,Cutlass Supreme,$6047239.56
353,Francyne,Croysdale,fcroysdale9s@booking.com,Female,130.182.58.186,Euro,Greek,Grand Marquis,$994530.10
354,Ryann,Strettle,rstrettle9t@go.com,Female,154.22.93.203,Euro,Malay,QX,$3672892.30
355,Darby,Balston,dbalston9u@bloomberg.com,Male,46.104.76.248,Euro,Romanian,Freestar,$9540294.97
356,Deb,Prest,dprest9v@examiner.com,Female,47.153.245.204,Kuna,Swahili,Tundra,$8707165.98
357,Goldina,Jurkiewicz,gjurkiewicz9w@comsenz.com,Female,28.142.86.153,Yuan Renminbi,Zulu,Toronado,$7312205.13
358,Berry,Ferrey,bferrey9x@yelp.com,Female,103.251.252.9,Yuan Renminbi,Azeri,Land Cruiser,$30734.12
359,Gabe,Feilden,gfeilden9y@wordpress.com,Male,89.232.168.103,Rupiah,Gagauz,S4,$9367143.70
360,Merle,Thams,mthams9z@ustream.tv,Female,143.171.133.44,Rupee,Chinese,Spirit,$4818842.86
361,Duff,Grahlman,dgrahlmana0@skyrock.com,Male,64.146.137.190,Rupiah,Gagauz,Sienna,$5649425.96
362,Wendel,Chatteris,wchatterisa1@ezinearticles.com,Male,122.13.68.19,Rupiah,Macedonian,Grand Prix,$8919949.96
363,Constantine,Siene,csienea2@google.ru,Female,202.145.35.10,Pula,Irish Gaelic,Sable,$3343391.84
364,Hermon,Kalkhoven,hkalkhovena3@wunderground.com,Male,31.5.246.46,Peso,Lithuanian,Jetta,$2469115.41
365,Merissa,Gantzer,mgantzera4@ezinearticles.com,Female,188.120.167.190,Koruna,Montenegrin,Eurovan,$562833.46
366,Fernando,Wadforth,fwadfortha5@wisc.edu,Male,56.179.198.16,Zloty,Moldovan,Sierra 3500,$7274618.63
367,Tess,Kirkbright,tkirkbrighta6@privacy.gov.au,Female,180.5.127.139,Cordoba,Chinese,Regal,$9811764.28
368,Arleyne,Maes,amaesa7@cyberchimps.com,Female,116.156.133.58,Yen,Portuguese,RAV4,$486357.84
369,Laural,Lampaert,llampaerta8@lulu.com,Female,112.68.95.210,Yuan Renminbi,Belarusian,Crown Victoria,$9373792.07
370,Gabriell,Dombrell,gdombrella9@goodreads.com,Female,87.173.246.55,Euro,Marathi,Dakota Club,$3106872.59
371,Aldridge,Dykins,adykinsaa@yale.edu,Male,115.15.144.126,Franc,Malayalam,IS,$7505571.92
372,Urson,Lunck,ulunckab@engadget.com,Male,155.188.44.216,Zloty,Armenian,Civic,$4961963.64
373,Sacha,Scurr,sscurrac@psu.edu,Female,69.154.147.43,Quetzal,Hiri Motu,Charger,$1961744.63
374,Katharine,Sowerby,ksowerbyad@nhs.uk,Female,55.236.48.5,Euro,Burmese,MR2,$1798758.16
375,Ardine,Havis,ahavisae@sina.com.cn,Female,37.90.240.202,Rupiah,Gujarati,1500,$22584.63
376,Koressa,Cortez,kcortezaf@mail.ru,Female,192.67.129.123,Yuan Renminbi,Fijian,Starion,$7543024.25
377,Charyl,Oakhill,coakhillag@mayoclinic.com,Female,50.26.156.26,Kyat,Gujarati,riolet,$9360105.34
378,Chrissy,Slyman,cslymanah@army.mil,Male,152.93.189.139,Rial,Catalan,CL-Class,$8783736.53
379,Cecil,Fulk,cfulkai@myspace.com,Male,52.36.16.12,Euro,Persian,200SX,$9700241.33
380,Latrena,Kinver,lkinveraj@networksolutions.com,Female,248.19.171.182,Baht,Kyrgyz,GranTurismo,$47248.41
381,Riccardo,Coultous,rcoultousak@geocities.jp,Male,27.148.48.163,Rupiah,Hungarian,Navigator,$9426386.04
382,Jacques,Tressler,jtressleral@amazon.com,Male,171.179.242.93,Yuan Renminbi,Italian,Cirrus,$8426648.08
383,Keenan,Covill,kcovillam@ovh.net,Male,135.135.25.0,Hryvnia,Greek,Town Car,$7769857.71
384,Darya,Brodley,dbrodleyan@geocities.jp,Female,153.67.221.47,Euro,Yiddish,Galant,$9252124.60
385,Caitrin,Servante,cservanteao@admin.ch,Female,16.13.93.127,Real,Haitian Creole,Ranger,$70313.30
386,Arlinda,Clayborn,aclaybornap@washington.edu,Female,213.215.44.233,Euro,Oriya,Tucson,$1388778.75
387,Brita,Holgan,bholganaq@vkontakte.ru,Female,229.73.229.122,Rupiah,Dari,Ranger,$1362514.87
388,Glynis,Chessell,gchessellar@mtv.com,Female,35.234.48.2,Euro,Mongolian,Tracker,$6232808.94
389,Piggy,Wickwar,pwickwaras@comcast.net,Male,93.48.130.138,Ruble,Portuguese,V50,$5615188.96
390,Leonie,Trudgian,ltrudgianat@e-recht24.de,Female,172.50.129.199,Ruble,Kazakh,323,$9094208.37
391,Stern,Prynne,sprynneau@howstuffworks.com,Male,80.31.7.2,Peso,Aymara,Escort,$3548567.32
392,Herman,Cowland,hcowlandav@xinhuanet.com,Male,106.199.172.141,Rial,Aymara,Tiburon,$5662609.74
393,Dorotea,Balfour,dbalfouraw@msn.com,Female,48.234.165.193,Peso,Swahili,Express 2500,$1487371.50
394,Cecil,Cree,ccreeax@cam.ac.uk,Male,254.140.86.113,Peso,Haitian Creole,Mustang,$1423444.25
395,Kylen,Farnon,kfarnonay@seesaa.net,Female,179.66.12.92,Tugrik,Kannada,Diamante,$9353372.36
396,Kath,Adran,kadranaz@loc.gov,Female,129.52.87.159,Rand,Somali,Ram 2500 Club,$2329217.00
397,Britt,Hawket,bhawketb0@economist.com,Female,64.179.64.102,Dinar,Indonesian,Legacy,$3850709.89
398,Virgil,MacKeeg,vmackeegb1@nps.gov,Male,40.118.161.60,Euro,Maltese,E-Class,$1452685.87
399,Aliza,McArd,amcardb2@github.com,Female,206.174.2.169,Yuan Renminbi,Hebrew,XT,$7272105.13
400,Rurik,Marre,rmarreb3@prweb.com,Male,88.39.143.91,Peso,Tamil,Aveo,$9092620.28
401,Geordie,Tomney,gtomneyb4@telegraph.co.uk,Male,127.247.22.110,Peso,Gagauz,Expedition EL,$8207362.19
402,Paton,Standley,pstandleyb5@sina.com.cn,Male,51.140.89.78,Yuan Renminbi,Estonian,Z8,$486420.74
403,Rina,Southall,rsouthallb6@netscape.com,Female,140.160.103.142,Rial,Kashmiri,Sebring,$3954066.16
404,Rebekkah,Sebring,rsebringb7@pcworld.com,Female,167.242.240.225,Peso,Indonesian,Camaro,$2421829.93
405,Martguerita,Gibbeson,mgibbesonb8@bizjournals.com,Female,84.235.99.157,Denar,Japanese,Fusion,$1680194.20
406,Melba,Carwardine,mcarwardineb9@cloudflare.com,Female,181.133.192.78,Real,Kyrgyz,Prelude,$9815269.68
407,Hal,Braghini,hbraghiniba@pen.io,Male,226.54.107.196,Won,Sotho,Riviera,$6941664.11
408,Tucky,Gother,tgotherbb@facebook.com,Male,154.30.98.142,Peso,Tamil,XJ Series,$3632037.25
409,Tom,Arter,tarterbc@fotki.com,Male,246.5.42.97,Yuan Renminbi,Finnish,C70,$485134.07
410,Bendix,Sherburn,bsherburnbd@spotify.com,Male,48.100.14.94,Krona,Belarusian,350Z,$8283718.70
411,Jerrome,Woodson,jwoodsonbe@ted.com,Male,128.239.203.198,Baht,Dzongkha,Tacoma,$7322211.40
412,Thalia,Linny,tlinnybf@jugem.jp,Female,60.185.28.110,Sol,Chinese,Yukon XL 1500,$943536.40
413,Nell,Kyte,nkytebg@hugedomains.com,Female,0.164.23.139,Peso,Lithuanian,C-Class,$6536864.07
414,Juliet,Leavesley,jleavesleybh@1und1.de,Female,212.66.26.233,Yuan Renminbi,Italian,Tacoma,$6037243.58
415,Rozanne,Turbard,rturbardbi@instagram.com,Female,37.150.168.135,Yuan Renminbi,West Frisian,Cutlass Supreme,$4613297.27
416,Papagena,Mitford,pmitfordbj@dailymotion.com,Female,225.200.46.136,Rupiah,Burmese,Savana 2500,$6226835.88
417,Reagan,Lean,rleanbk@typepad.com,Male,51.10.107.247,Yuan Renminbi,Gagauz,928,$8015261.77
418,Leila,Hogbourne,lhogbournebl@imgur.com,Female,144.171.4.103,Yuan Renminbi,Persian,Tacoma,$2933640.65
419,Cello,Alwell,calwellbm@rediff.com,Male,126.13.32.211,Euro,Northern Sotho,Town Car,$6044760.08
420,Marrissa,Huntriss,mhuntrissbn@nasa.gov,Female,62.30.74.67,Koruna,Filipino,XK,$407472.82
421,Virginia,Bartalucci,vbartaluccibo@hexun.com,Female,46.65.94.158,Guarani,Kannada,Avenger,$2224324.59
422,George,Krolman,gkrolmanbp@whitehouse.gov,Male,116.84.93.177,Franc,Dutch,RX-7,$4334548.12
423,Billye,Courson,bcoursonbq@ftc.gov,Female,82.56.155.20,Rupiah,Papiamento,Supra,$3476787.71
424,Heida,Linford,hlinfordbr@multiply.com,Female,117.21.184.198,Yen,Oriya,Grand Marquis,$8267059.61
425,Hanson,Elstone,helstonebs@ted.com,Male,222.16.102.27,Rupiah,Malay,Montero Sport,$8246802.52
426,Gina,Poskitt,gposkittbt@mozilla.org,Female,143.113.8.114,Rupiah,Danish,Passat,$6899695.82
427,Rayna,Janak,rjanakbu@mlb.com,Female,238.113.1.64,Rupiah,Filipino,Legacy,$303781.91
428,Joann,Parfett,jparfettbv@theatlantic.com,Female,16.151.21.225,Birr,Chinese,300ZX,$4948943.84
429,Quintana,Mews,qmewsbw@ovh.net,Female,165.248.112.65,Peso,Lao,Echo,$6351389.32
430,Julina,Dibdall,jdibdallbx@furl.net,Female,0.92.14.149,Real,Catalan,Aspire,$1207786.31
431,Arlee,Downe,adowneby@gizmodo.com,Female,152.234.170.13,Euro,Indonesian,Continental,$1304659.85
432,Broderic,Jagson,bjagsonbz@huffingtonpost.com,Male,50.61.46.56,Rand,Malayalam,Ram 2500,$3946404.65
433,Duane,Brampton,dbramptonc0@ameblo.jp,Male,18.133.91.56,Euro,Danish,Suburban 2500,$2478490.82
434,Carter,Edler,cedlerc1@163.com,Male,206.80.64.112,Yuan Renminbi,Papiamento,ZDX,$7234464.59
435,Gabrielle,Danieli,gdanielic2@123-reg.co.uk,Female,241.232.248.52,Yuan Renminbi,New Zealand Sign Language,Corvette,$3677757.92
436,Fields,Grovier,fgrovierc3@toplist.cz,Male,105.86.50.127,Yuan Renminbi,Macedonian,CL-Class,$3651083.62
437,Alanah,Covely,acovelyc4@ehow.com,Female,181.117.81.232,Hryvnia,Somali,Sebring,$2354600.00
438,Goraud,Winterscale,gwinterscalec5@hatena.ne.jp,Male,88.170.238.45,Rupiah,Portuguese,Express 1500,$3967767.07
439,Alberik,Ivers,aiversc6@google.com.hk,Male,56.179.19.87,Yuan Renminbi,Northern Sotho,Avalon,$3692869.04
440,Norah,Cookes,ncookesc7@mashable.com,Female,9.224.190.172,Euro,Danish,Concorde,$4498748.14
441,Johnnie,McCroft,jmccroftc8@ow.ly,Male,160.128.160.133,Krona,German,Trooper,$8877081.85
442,Diana,Spores,dsporesc9@wordpress.org,Female,28.5.145.151,Tugrik,Hindi,Malibu,$5737374.18
443,Sarena,Bonnesen,sbonnesenca@weibo.com,Female,239.105.158.102,Ruble,Northern Sotho,Frontier,$9453470.97
444,Harold,Romans,hromanscb@thetimes.co.uk,Male,236.104.9.26,Lempira,Romanian,E-350 Super Duty,$1772461.29
445,Hannis,Prichard,hprichardcc@people.com.cn,Female,171.23.66.163,Franc,Kashmiri,Starion,$4036376.47
446,Jorry,Wimbridge,jwimbridgecd@taobao.com,Female,2.49.13.233,Rupiah,Papiamento,Celica,$1334262.65
447,Marijo,Senten,msentence@adobe.com,Female,29.137.80.218,Yen,Montenegrin,3500,$4136539.06
448,Aldrich,Ioselevich,aioselevichcf@cargocollective.com,Male,244.49.107.128,Euro,Dari,HS,$1847756.26
449,Hatti,McCarrison,hmccarrisoncg@europa.eu,Female,207.71.204.181,Dollar,Montenegrin,Elantra,$4595493.81
450,Noah,Tarte,ntartech@google.co.jp,Male,114.230.48.160,Rial,Norwegian,xB,$8496379.33
451,Lauralee,McRannell,lmcrannellci@uol.com.br,Female,252.49.68.224,Dollar,Dari,Crossfire,$4752069.50
452,Nomi,Melton,nmeltoncj@google.fr,Female,244.164.47.21,Zloty,Norwegian,TSX,$4589905.29
453,Caesar,Coots,ccootsck@t.co,Male,158.212.248.218,Rupiah,Aymara,IPL G,$9433157.58
454,Neille,Leggin,nleggincl@bing.com,Female,15.185.234.27,Dollar,West Frisian,Sequoia,$3527093.35
455,Giorgia,Pagnin,gpagnincm@nih.gov,Female,241.3.238.63,Ruble,Moldovan,Express 3500,$8195260.35
456,Andrea,Membry,amembrycn@europa.eu,Male,49.23.105.42,Euro,Aymara,Starion,$6089438.29
457,Jereme,Paulton,jpaultonco@narod.ru,Male,238.56.2.212,Lari,Spanish,MKX,$288179.08
458,Sibby,Dineges,sdinegescp@twitter.com,Female,137.237.79.16,Yuan Renminbi,Finnish,DeVille,$8923622.58
459,Armando,Nielson,anielsoncq@t-online.de,Male,19.147.122.52,Rupiah,Kannada,Town Car,$1326742.95
460,Jayme,Emberton,jembertoncr@elegantthemes.com,Female,97.94.193.176,Yuan Renminbi,Tajik,Accord,$9156713.80
461,Virgie,O'Kelly,vokellycs@deliciousdays.com,Male,96.133.29.4,Rupiah,Polish,Xterra,$4079870.08
462,Miguelita,Hellis,mhellisct@google.fr,Female,145.43.35.228,Dollar,Finnish,Bravada,$6928319.75
463,Pincus,Cheley,pcheleycu@netlog.com,Male,43.196.16.170,Krona,Malagasy,Fleetwood,$7536737.04
464,Doloritas,Gosland,dgoslandcv@blogtalkradio.com,Female,87.119.181.40,Yuan Renminbi,Japanese,Expo,$7958118.16
465,Mina,Blant,mblantcw@moonfruit.com,Female,87.21.76.11,Peso,Spanish,Esperante,$2007204.13
466,Maddie,Mainland,mmainlandcx@nsw.gov.au,Male,222.67.215.84,Dram,Telugu,Jetta,$5321386.47
467,Hulda,Proudman,hproudmancy@hibu.com,Female,44.81.156.224,Euro,Bosnian,Corvette,$2300915.67
468,Cletus,Treverton,ctrevertoncz@newsvine.com,Male,35.234.195.183,Yuan Renminbi,Irish Gaelic,Silverado 1500,$9946692.35
469,Ninon,McCartney,nmccartneyd0@free.fr,Female,119.159.17.225,Real,Swahili,Ram Van 1500,$5833507.24
470,Dorri,Imos,dimosd1@lulu.com,Female,240.247.104.60,Franc,Māori,Express 3500,$9624537.27
471,Haleigh,Lorence,hlorenced2@naver.com,Male,11.172.182.0,Yuan Renminbi,Latvian,Mini Cooper,$7047297.23
472,Kalli,Whates,kwhatesd3@yelp.com,Female,115.167.188.16,Rupiah,Punjabi,Swift,$7176975.66
473,Rad,MacDuff,rmacduffd4@japanpost.jp,Male,205.54.133.117,Zloty,Azeri,V8 Vantage,$7422759.74
474,Sherline,Capozzi,scapozzid5@state.tx.us,Female,170.153.116.65,Rand,Mongolian,5 Series,$9859490.38
475,Felix,Burr,fburrd6@wisc.edu,Male,159.67.241.8,Yuan Renminbi,Norwegian,Pathfinder,$5630052.12
476,Braden,Callis,bcallisd7@apache.org,Male,253.229.150.208,Yuan Renminbi,Yiddish,Tundra,$6725951.90
477,Vanessa,Rate,vrated8@google.co.jp,Female,23.184.213.142,Yuan Renminbi,Tajik,Impala,$3722377.92
478,Deva,Choppen,dchoppend9@rakuten.co.jp,Female,197.76.31.123,Dollar,Albanian,Sunbird,$3729095.72
479,Reube,Duffell,rduffellda@pbs.org,Male,109.101.112.154,Franc,Japanese,Nitro,$6240275.13
480,Cirstoforo,Daoust,cdaoustdb@ihg.com,Male,235.236.84.44,Yuan Renminbi,Pashto,4000s Quattro,$5146511.62
481,Sydelle,Phillput,sphillputdc@privacy.gov.au,Female,220.250.154.183,Euro,Tamil,Echo,$6122154.40
482,Hilarius,Edison,hedisondd@about.me,Male,124.186.76.3,Rupiah,Guaraní,Z4,$3716450.06
483,Sonnie,Milmith,smilmithde@trellian.com,Female,70.127.63.47,Real,Arabic,Continental Super,$693893.16
484,Lamont,Greatrex,lgreatrexdf@creativecommons.org,Male,115.72.122.81,Euro,French,MDX,$7219704.97
485,Obie,Creeboe,ocreeboedg@blogtalkradio.com,Male,203.6.231.124,Peso,Aymara,Rainier,$7814691.14
486,Gertrudis,Linscott,glinscottdh@surveymonkey.com,Female,208.177.66.2,Euro,Punjabi,LHS,$7632631.55
487,Gussi,Shipp,gshippdi@mozilla.com,Female,7.207.53.143,Ruble,Kashmiri,Electra,$7309596.58
488,Mada,Siddle,msiddledj@blogger.com,Female,214.19.162.88,Real,Georgian,Lancer,$4845005.68
489,Claiborne,Ekell,cekelldk@zimbio.com,Male,82.13.234.129,Peso,Azeri,Genesis Coupe,$5184235.60
490,Stepha,McCutcheon,smccutcheondl@netscape.com,Female,127.247.161.28,Shilling,Chinese,Ram 1500,$3731165.30
491,Freddy,Kohn,fkohndm@people.com.cn,Female,163.195.202.194,Rupiah,Bislama,6 Series,$177435.88
492,Aindrea,Payler,apaylerdn@prweb.com,Female,210.222.230.129,Yuan Renminbi,Telugu,1 Series,$390856.76
493,Stacia,Da Costa,sdacostado@umn.edu,Female,167.40.187.96,Yuan Renminbi,Croatian,Endeavor,$882251.12
494,Natalya,Daly,ndalydp@bigcartel.com,Female,233.28.233.30,Yuan Renminbi,Marathi,X6,$8796234.08
495,Stoddard,MacPherson,smacphersondq@utexas.edu,Female,90.179.30.244,Yen,Tsonga,Exige,$8074797.55
496,Erroll,Thomel,ethomeldr@cam.ac.uk,Male,104.28.151.198,Yuan Renminbi,Indonesian,Panamera,$5474790.99
497,Fidel,Hellmer,fhellmerds@google.it,Male,87.93.120.26,Yuan Renminbi,Luxembourgish,960,$5063014.91
498,Maryellen,Lyte,mlytedt@nymag.com,Female,201.179.47.168,Lev,Belarusian,W126,$418762.74
499,Leshia,Rankin,lrankindu@ezinearticles.com,Female,20.194.230.154,Ruble,Catalan,E-Class,$7557717.34
500,Angus,Balcombe,abalcombedv@discuz.net,Male,196.145.208.119,Zloty,Northern Sotho,VUE,$3367303.42
501,Johann,Tie,jtiedw@myspace.com,Male,180.69.3.103,Yuan Renminbi,Azeri,Fox,$6075787.95
502,Bobbie,Spall,bspalldx@vistaprint.com,Male,36.202.131.211,Rupiah,Haitian Creole,Grand Voyager,$1156928.72
503,Gwenora,Dibbe,gdibbedy@paginegialle.it,Female,235.28.222.200,Birr,Sotho,Breeze,$804096.17
504,Maryrose,Tomsett,mtomsettdz@auda.org.au,Female,90.104.56.40,Dollar,Malayalam,Accent,$9596505.76
505,Whitney,Illingsworth,willingsworthe0@t.co,Male,194.232.137.24,Rupiah,Tamil,Sedona,$3320556.94
506,Cecil,Keetley,ckeetleye1@businessweek.com,Male,173.187.49.142,Yuan Renminbi,Portuguese,Tracer,$5308634.87
507,Emory,Napier,enapiere2@biglobe.ne.jp,Male,201.207.101.237,Tenge,Māori,New Beetle,$8849197.68
508,Alta,McCready,amccreadye3@yahoo.co.jp,Female,175.149.104.87,Shekel,Malay,Esprit,$2257973.90
509,Rayner,Howlin,rhowline4@gov.uk,Male,233.27.7.247,Sol,Dzongkha,Cooper,$1094857.03
510,Verne,Bercevelo,vberceveloe5@google.ru,Male,248.251.97.216,Rupiah,Assamese,Escalade,$7665573.33
511,Mattheus,Bould,mboulde6@newyorker.com,Male,171.50.242.205,Yuan Renminbi,Swedish,Supra,$1448246.96
512,Tessy,Etchingham,tetchinghame7@booking.com,Female,251.119.67.28,Dollar,Danish,Silverado 3500,$8494305.94
513,Reider,Stealfox,rstealfoxe8@rakuten.co.jp,Male,80.166.5.135,Euro,Thai,Hombre,$4194984.65
514,Lamond,Twallin,ltwalline9@addtoany.com,Male,140.6.235.193,Yuan Renminbi,Dzongkha,E250,$8801748.96
515,Didi,Askam,daskamea@nifty.com,Female,112.31.145.121,Yuan Renminbi,Māori,612 Scaglietti,$7676986.49
516,Tony,Bartram,tbartrameb@apple.com,Male,153.161.253.22,Yuan Renminbi,Bengali,Edge,$6868113.85
517,Nicholle,Keach,nkeachec@hp.com,Female,250.201.81.227,Yen,Sotho,LHS,$9134710.40
518,Winne,Smail,wsmailed@microsoft.com,Female,114.89.232.137,Lek,Swahili,Tracker,$7135340.94
519,Chev,Kneeland,ckneelandee@rediff.com,Male,24.77.205.67,Ouguiya,Arabic,Cutlass Supreme,$615082.58
520,Darline,Keats,dkeatsef@blog.com,Female,191.62.19.195,Ruble,West Frisian,Avenger,$9930405.11
521,Sybilla,Rabbitts,srabbittseg@uiuc.edu,Female,3.160.242.135,Yuan Renminbi,Persian,Tracker,$1492667.16
522,Cam,Morat,cmorateh@harvard.edu,Female,242.140.34.223,Peso,Bengali,EXP,$3476859.47
523,Ethelbert,Ekell,eekellei@miibeian.gov.cn,Male,166.146.255.41,Ringgit,Hungarian,Zephyr,$8531905.82
524,Ellerey,Cabel,ecabelej@bandcamp.com,Male,82.196.152.225,Yuan Renminbi,Persian,S-Class,$9285020.11
525,Mathilda,Mathonnet,mmathonnetek@java.com,Female,118.48.235.12,Yuan Renminbi,Chinese,Armada,$7913362.52
526,Brandais,Blagbrough,bblagbroughel@vistaprint.com,Female,70.246.70.47,Euro,Norwegian,LS,$2166600.21
527,Armand,Alekhov,aalekhovem@netvibes.com,Male,143.244.93.172,Zloty,Greek,Ram Van B150,$3723394.40
528,Renate,Sandlin,rsandlinen@over-blog.com,Female,245.41.249.45,Shekel,Papiamento,Ram Van 2500,$522298.21
529,Dwain,Cosgry,dcosgryeo@icio.us,Male,122.98.185.229,Koruna,Maltese,S5,$1940968.97
530,Christian,Rushbury,crushburyep@digg.com,Female,47.253.166.216,Rupiah,Belarusian,GranSport,$6398206.09
531,Westleigh,Itzkin,witzkineq@adobe.com,Male,152.221.24.175,Rupee,Tswana,C70,$97646.85
532,Bridgette,Work,bworker@fastcompany.com,Female,124.68.151.225,Peso,Thai,Rio,$638707.88
533,Odille,Pilipets,opilipetses@examiner.com,Female,205.54.131.212,Dollar,Tamil,Grand Am,$4997671.79
534,Christal,Moss,cmosset@joomla.org,Female,110.253.241.234,Peso,Icelandic,Liberty,$9016346.67
535,Wylma,Shipman,wshipmaneu@upenn.edu,Female,246.27.231.15,Peso,Latvian,Biturbo,$6223628.89
536,Bernadene,Corde,bcordeev@cbslocal.com,Female,7.221.153.135,Baht,Catalan,Yaris,$1206905.18
537,Adelbert,Sansun,asansunew@netvibes.com,Male,31.5.155.253,Yuan Renminbi,Dzongkha,Town Car,$8332825.40
538,Duffy,Steffan,dsteffanex@issuu.com,Male,91.17.42.2,Sol,Mongolian,Discovery,$6288956.44
539,Jacynth,Oldridge,joldridgeey@icq.com,Female,86.154.249.124,Kwanza,Haitian Creole,Grand Caravan,$2277074.50
540,Ethelin,Granleese,egranleeseez@acquirethisname.com,Female,80.198.37.181,Rupiah,Gagauz,GTI,$4002792.24
541,Keefe,Fear,kfearf0@hc360.com,Male,117.97.217.28,Euro,Latvian,Savana 3500,$5702615.25
542,Karena,Gheorghie,kgheorghief1@dagondesign.com,Female,185.91.55.151,Ruble,Greek,Vantage,$5209574.16
543,Denys,Giamitti,dgiamittif2@cdc.gov,Male,37.75.130.216,Krone,Sotho,F-Series,$6071678.54
544,Tad,Dran,tdranf3@webmd.com,Male,176.180.37.254,Krona,Haitian Creole,458 Italia,$124065.10
545,Malachi,Donnachie,mdonnachief4@fema.gov,Male,105.128.55.54,Ruble,Romanian,CR-V,$6113664.56
546,Michale,Palia,mpaliaf5@si.edu,Male,199.43.98.111,Euro,Chinese,Sable,$84719.18
547,Hubert,Casotti,hcasottif6@360.cn,Male,157.251.118.237,Rupiah,Ndebele,Lancer Evolution,$3769592.40
548,Sarge,Lynde,slyndef7@printfriendly.com,Male,198.140.34.181,Ringgit,Thai,Echo,$2844921.66
549,Cazzie,Tink,ctinkf8@1und1.de,Male,184.228.205.162,Rupiah,Tetum,Cavalier,$8273620.06
550,Joyce,Saylor,jsaylorf9@microsoft.com,Female,132.185.220.198,Euro,West Frisian,Stealth,$7271229.16
551,Brit,Eicke,beickefa@diigo.com,Female,136.240.156.155,Peso,Malayalam,Beetle,$8854339.54
552,Neville,McConway,nmcconwayfb@mysql.com,Male,203.26.5.159,Yuan Renminbi,Romanian,Mighty Max Macro,$5702027.15
553,Dulsea,Gath,dgathfc@list-manage.com,Female,115.253.64.135,Franc,Bosnian,XJ Series,$6755972.51
554,Bev,Dron,bdronfd@yahoo.co.jp,Female,142.60.207.46,Rupiah,Afrikaans,Taurus,$6237512.46
555,Amity,Fairney,afairneyfe@nature.com,Female,52.169.32.75,Euro,Tok Pisin,Esprit,$412223.18
556,Rochell,Robke,rrobkeff@moonfruit.com,Female,1.211.24.57,Real,Somali,Charger,$2685570.74
557,Barret,Sandwich,bsandwichfg@opera.com,Male,212.255.174.217,Zloty,Greek,Mini Cooper,$4972947.95
558,Darnall,Sandland,dsandlandfh@abc.net.au,Male,149.88.10.10,Zloty,West Frisian,Milan,$155162.12
559,Georgi,Janiak,gjaniakfi@studiopress.com,Male,19.215.19.144,Rupiah,Assamese,GS,$8344609.48
560,Alayne,Greenrod,agreenrodfj@nymag.com,Female,111.172.144.212,Dollar,Fijian,Wrangler,$6555996.13
561,Hermon,Fetherstan,hfetherstanfk@360.cn,Male,3.204.85.90,Euro,Irish Gaelic,Biturbo,$7240796.90
562,Willdon,Teideman,wteidemanfl@drupal.org,Male,7.211.207.94,Peso,Chinese,TrailBlazer,$7635472.76
563,Florence,Death,fdeathfm@cpanel.net,Female,162.67.4.228,Yuan Renminbi,Somali,Q5,$6782978.35
564,Mercie,Munkton,mmunktonfn@dyndns.org,Female,229.64.204.158,Real,Bislama,Corvette,$755538.16
565,Cate,Sturzaker,csturzakerfo@nature.com,Female,252.247.198.170,Ruble,Arabic,Grand Caravan,$5818956.69
566,Freddie,Habbijam,fhabbijamfp@sun.com,Male,102.39.193.106,Franc,Malagasy,Savana 2500,$2787764.23
567,Taber,Harriot,tharriotfq@mozilla.org,Male,211.48.73.153,Ruble,Gujarati,Stealth,$7827691.39
568,Nathaniel,Spores,nsporesfr@feedburner.com,Male,63.121.175.169,Yuan Renminbi,Lao,Yukon XL 1500,$6422022.69
569,Ashil,Duesbury,aduesburyfs@example.com,Female,71.199.45.12,Peso,Tsonga,Aztek,$5319881.18
570,Vidovik,Nurdin,vnurdinft@businessinsider.com,Male,96.252.255.251,Yuan Renminbi,German,Cooper,$3060549.23
571,Monika,Labat,mlabatfu@i2i.jp,Female,195.46.87.28,Zloty,Tetum,Venture,$6760793.18
572,Blinni,Webling,bweblingfv@biblegateway.com,Female,224.45.218.132,Dinar,West Frisian,370Z,$9187899.66
573,Reider,Atack,ratackfw@youtu.be,Male,184.96.149.110,Real,Khmer,Ridgeline,$9037263.82
574,Arnoldo,Cutress,acutressfx@google.com.hk,Male,128.124.135.75,Rupiah,Bislama,Solstice,$9352583.34
575,Angelina,Craighall,acraighallfy@mayoclinic.com,Female,182.131.206.253,Peso,Northern Sotho,Sentra,$8760468.86
576,Merwin,Scneider,mscneiderfz@simplemachines.org,Male,25.88.232.250,Krona,Chinese,Element,$797613.33
577,Anneliese,Nisius,anisiusg0@feedburner.com,Female,12.209.158.37,Ruble,Afrikaans,928,$1492648.62
578,Nerti,Cordery,ncorderyg1@wsj.com,Female,32.169.175.221,Euro,Quechua,Rio,$3585421.85
579,Westbrooke,Radsdale,wradsdaleg2@ox.ac.uk,Male,141.93.132.158,Ruble,Moldovan,Cutlass Supreme,$1121998.10
580,Pall,Giblin,pgibling3@archive.org,Male,216.13.22.242,Koruna,Malagasy,Envoy,$8348548.14
581,Georgena,Mingay,gmingayg4@chicagotribune.com,Female,133.49.156.86,Euro,Ndebele,CLS-Class,$3248699.40
582,Jeanelle,Folkard,jfolkardg5@cnn.com,Female,213.153.19.204,Rupee,Haitian Creole,G25,$9532772.46
583,Anya,Shaddock,ashaddockg6@free.fr,Female,243.239.201.19,Yuan Renminbi,Papiamento,G6,$6602905.51
584,Cornelius,Steabler,csteablerg7@ning.com,Male,57.111.27.190,Ruble,Zulu,S40,$6880193.67
585,Aube,Wrangle,awrangleg8@csmonitor.com,Male,178.233.236.127,Escudo,Macedonian,Mazdaspeed 3,$8395495.24
586,Farr,Fidoe,ffidoeg9@noaa.gov,Male,190.55.155.38,Euro,Tetum,911,$5566887.11
587,Garvy,Eadon,geadonga@godaddy.com,Male,199.197.132.184,Peso,Lao,TT,$4352396.54
588,Randa,Oatley,roatleygb@nifty.com,Female,194.135.78.135,Denar,Aymara,Sidekick,$7394991.24
589,Saunderson,Jouannot,sjouannotgc@wisc.edu,Male,22.126.183.172,Dollar,Finnish,Maxima,$467631.05
590,Ulric,Boshere,ubosheregd@istockphoto.com,Male,200.207.71.134,Peso,Amharic,Oasis,$4129973.85
591,Lacie,McKilroe,lmckilroege@statcounter.com,Female,44.90.42.194,Denar,Tamil,B-Series,$662892.80
592,Sebastien,Gobell,sgobellgf@ucla.edu,Male,249.224.151.189,Zloty,Punjabi,TL,$6740298.51
593,Ferd,Ondrak,fondrakgg@comcast.net,Male,126.192.141.92,Krona,Korean,Civic GX,$880088.63
594,Adolph,Lickess,alickessgh@issuu.com,Male,133.67.66.106,Baht,Haitian Creole,3000GT,$1172694.80
595,Julianna,Onians,joniansgi@histats.com,Female,207.120.48.219,Dollar,Hebrew,Scoupe,$45198.29
596,Carlotta,Heaphy,cheaphygj@loc.gov,Female,136.156.3.128,Zloty,Nepali,G37,$3431441.86
597,Shay,Tirrell,stirrellgk@timesonline.co.uk,Male,229.171.92.252,Krona,Bislama,GranTurismo,$9416930.53
598,Yuri,Sucre,ysucregl@surveymonkey.com,Male,215.99.200.1,Euro,Haitian Creole,Ram Van B150,$6005994.01
599,Dot,Petz,dpetzgm@themeforest.net,Female,68.246.192.10,Real,Mongolian,Phantom,$6109600.29
600,Normand,Cranmor,ncranmorgn@cmu.edu,Male,206.124.46.91,Yuan Renminbi,Polish,SJ 410,$7130374.21
601,Tallie,Edwinson,tedwinsongo@nature.com,Female,16.101.115.128,Lari,Papiamento,Caprice,$9754738.65
602,Vanessa,Ellison,vellisongp@skype.com,Female,128.246.17.235,Real,Telugu,Diablo,$6719474.07
603,Rosene,Clutton,rcluttongq@live.com,Female,158.195.107.93,Yuan Renminbi,Irish Gaelic,Aveo,$3464603.73
604,Hunter,Labram,hlabramgr@theatlantic.com,Male,45.109.44.109,Rupiah,Khmer,i-290,$1835181.18
605,Lennie,Brandacci,lbrandaccigs@squidoo.com,Male,71.224.242.133,Rupiah,Norwegian,G,$7453228.01
606,Sasha,Umney,sumneygt@slate.com,Male,206.185.44.119,Real,Maltese,TundraMax,$4502543.87
607,Cathi,Pavlovsky,cpavlovskygu@gnu.org,Female,83.144.96.84,Yuan Renminbi,Czech,Millenia,$4157681.52
608,Denyse,Domotor,ddomotorgv@google.com.br,Female,192.218.1.69,Shilling,Spanish,Explorer Sport Trac,$8944791.78
609,Fee,Cucuzza,fcucuzzagw@epa.gov,Male,217.89.217.76,Krona,Fijian,Sky,$9684508.41
610,Demeter,Feldbaum,dfeldbaumgx@vkontakte.ru,Female,21.106.36.32,Ruble,Hebrew,Grand Vitara,$322911.87
611,Louie,Caldecourt,lcaldecourtgy@google.com.hk,Male,8.4.254.106,Euro,Croatian,Corolla,$9952968.60
612,Joellen,Dhennin,jdhenningz@answers.com,Female,68.149.48.127,Peso,Hiri Motu,900,$895486.34
613,Eulalie,Henrion,ehenrionh0@lulu.com,Female,1.128.149.28,Kina,Māori,Quattroporte,$7571665.55
614,Stanislaus,Perin,sperinh1@shop-pro.jp,Male,78.123.35.26,Dirham,Swati,V8 Vantage,$8260860.17
615,Madalyn,Mathey,mmatheyh2@va.gov,Female,188.212.6.51,Zloty,Irish Gaelic,QX,$4917095.59
616,Drucill,Sampson,dsampsonh3@netscape.com,Female,212.11.92.91,Yuan Renminbi,Czech,Focus,$8640793.25
617,Christie,Yegorev,cyegorevh4@yolasite.com,Female,86.86.227.117,Koruna,Finnish,Caprice Classic,$6399480.66
618,Berri,Cristofol,bcristofolh5@pbs.org,Female,242.19.6.190,Peso,Hebrew,Escape,$2977960.27
619,Devin,Cavell,dcavellh6@google.pl,Female,233.93.17.101,Peso,Macedonian,Outlander Sport,$6058318.20
620,Pierrette,Teresse,pteresseh7@indiegogo.com,Female,237.117.174.243,Hryvnia,Assamese,Protege,$6556007.22
621,Catarina,Faragher,cfaragherh8@gmpg.org,Female,213.30.176.234,Yuan Renminbi,Kannada,TL,$7566227.51
622,Kennan,Havesides,khavesidesh9@bbb.org,Male,118.152.72.190,Peso,Japanese,X-90,$2256653.44
623,Kym,Mungane,kmunganeha@tripadvisor.com,Female,173.129.166.250,Peso,Japanese,Grand Am,$2322967.21
624,Ertha,Winkle,ewinklehb@w3.org,Female,66.172.138.14,Rupiah,Papiamento,E-Series,$2500948.60
625,Granny,Caldecott,gcaldecotthc@chronoengine.com,Male,238.179.31.203,Euro,Afrikaans,FJ Cruiser,$533566.68
626,Aeriela,Muehler,amuehlerhd@twitter.com,Female,110.120.157.179,Euro,Kashmiri,Silhouette,$1205851.40
627,Tabitha,Brandreth,tbrandrethhe@cbslocal.com,Female,151.198.24.218,Yuan Renminbi,German,Stratus,$6097278.91
628,Gwenette,Lowdes,glowdeshf@dion.ne.jp,Female,211.109.51.35,Peso,Tetum,Tracer,$6240257.31
629,Cecile,Greenstock,cgreenstockhg@epa.gov,Female,118.85.224.41,Rand,Malay,Magnum,$1886581.51
630,Brennen,Jedrachowicz,bjedrachowiczhh@craigslist.org,Male,135.62.111.178,Rupiah,Italian,62,$8459647.02
631,Harriet,Christophers,hchristophershi@pbs.org,Female,141.199.21.176,Real,Malagasy,Roadmaster,$8864358.68
632,Katrina,Kenafaque,kkenafaquehj@123-reg.co.uk,Female,168.88.78.0,Zloty,Dutch,H1,$2397557.26
633,Nollie,Barlass,nbarlasshk@cbslocal.com,Female,72.9.82.109,Euro,Azeri,LX,$1633515.53
634,Dorise,Bolstridge,dbolstridgehl@google.com.au,Female,217.183.108.38,Yuan Renminbi,Punjabi,Ion,$7335736.49
635,Ian,Lickorish,ilickorishhm@domainmarket.com,Male,205.237.132.166,Yuan Renminbi,Hebrew,Accord,$3935754.11
636,Shelden,Ivie,siviehn@lycos.com,Male,95.74.252.49,Rupiah,Quechua,New Beetle,$9460496.79
637,Salomi,Meas,smeasho@domainmarket.com,Female,35.94.99.239,Dollar,Telugu,Elantra,$4864996.55
638,Waiter,Cominoli,wcominolihp@moonfruit.com,Male,136.122.37.202,Rupiah,Estonian,Magnum,$6478992.32
639,Tan,Balog,tbaloghq@w3.org,Male,240.11.109.93,Rupiah,Haitian Creole,Volt,$8832600.02
640,Hyacinth,Janas,hjanashr@timesonline.co.uk,Female,194.108.153.26,Yuan Renminbi,Māori,GT,$5496002.86
641,Otho,Goreway,ogorewayhs@histats.com,Male,40.154.115.159,Kwanza,Croatian,LS,$9873017.18
642,Zollie,Ondrak,zondrakht@prlog.org,Male,156.192.189.96,Peso,French,Accent,$7246571.08
643,Anders,Birkett,abirketthu@webnode.com,Male,57.84.57.184,Franc,Punjabi,Accord,$4860296.19
644,Taryn,Nettle,tnettlehv@mlb.com,Female,154.158.117.105,Yuan Renminbi,Tswana,MKZ,$3896565.53
645,Silvia,Harmar,sharmarhw@soundcloud.com,Female,10.129.237.40,Yuan Renminbi,Swati,Acadia,$5536464.62
646,Cosme,Astall,castallhx@sohu.com,Male,222.114.20.68,Peso,Malayalam,Neon,$5409605.07
647,Catherina,Riches,cricheshy@usatoday.com,Female,76.66.48.200,Rupiah,Bulgarian,Model T,$2816889.07
648,Erhart,Pendre,ependrehz@sphinn.com,Male,117.42.70.230,Yuan Renminbi,Haitian Creole,Ranger,$6339644.68
649,Jsandye,Azemar,jazemari0@ask.com,Female,68.203.128.14,Dollar,Lithuanian,Q,$4766638.63
650,Alena,Purcell,apurcelli1@upenn.edu,Female,187.201.106.50,Yuan Renminbi,Swedish,Camaro,$9101767.02
651,Maximilianus,Boole,mboolei2@ftc.gov,Male,34.254.194.138,Rupee,Nepali,Dakota,$8460624.27
652,Karlis,Rosenbaum,krosenbaumi3@google.it,Male,196.187.100.163,Peso,Maltese,RL,$5131873.63
653,Roddie,Pomery,rpomeryi4@yellowpages.com,Male,3.57.5.169,Peso,Luxembourgish,Nitro,$8931460.69
654,Killie,Copnar,kcopnari5@angelfire.com,Male,215.185.186.138,Yuan Renminbi,Kannada,Xterra,$3203102.18
655,Flss,Smeed,fsmeedi6@nsw.gov.au,Female,196.29.208.77,Rupiah,Hebrew,Envoy,$9436570.94
656,Roxine,Lamartine,rlamartinei7@constantcontact.com,Female,140.184.33.230,Leu,Tok Pisin,4Runner,$7060203.74
657,Lily,Elwood,lelwoodi8@naver.com,Female,142.43.127.14,Dirham,Kazakh,F-Series,$4413885.28
658,Doroteya,Duck,dducki9@wordpress.com,Female,177.215.112.77,Euro,Kashmiri,C-Class,$1556677.48
659,Rodie,Belchem,rbelchemia@twitter.com,Female,237.151.51.19,Sol,Gagauz,E-Series,$4570005.62
660,Lorna,Sergeaunt,lsergeauntib@biblegateway.com,Female,111.168.92.27,Ruble,Tetum,Rally Wagon 1500,$8886932.68
661,Brnaba,Sutherel,bsutherelic@squidoo.com,Male,240.64.114.86,Rupee,Māori,SJ,$6544698.68
662,Emmett,Grolmann,egrolmannid@bizjournals.com,Male,138.62.51.128,Real,Māori,Santa Fe,$4583010.45
663,Enoch,Chippendale,echippendaleie@studiopress.com,Male,221.88.182.35,Yuan Renminbi,Thai,S10,$6638914.16
664,Clare,Bowcock,cbowcockif@cnet.com,Female,19.77.169.100,Yuan Renminbi,Danish,CLK-Class,$8761765.67
665,Kennan,Bowskill,kbowskillig@skyrock.com,Male,128.163.242.214,Peso,Malay,S-Series,$6934430.21
666,Lauri,Jepson,ljepsonih@techcrunch.com,Female,57.5.169.204,Peso,Swati,B-Series,$2738407.02
667,Ferrel,Karpenya,fkarpenyaii@google.ru,Male,167.162.57.216,Pound,Moldovan,G,$6983472.00
668,Tobey,Jenner,tjennerij@ezinearticles.com,Female,8.252.170.28,Dong,Kashmiri,Miata MX-5,$1393364.66
669,Cati,Tudbald,ctudbaldik@ustream.tv,Female,25.0.223.88,Yuan Renminbi,Malay,LFA,$3625183.09
670,Jarid,Bearblock,jbearblockil@paginegialle.it,Male,62.194.144.187,Shekel,Pashto,Neon,$1647512.83
671,Armstrong,Castilla,acastillaim@wikipedia.org,Male,140.168.171.113,Euro,Kashmiri,Swift,$5422220.15
672,Nobe,Ivchenko,nivchenkoin@shareasale.com,Male,71.49.5.208,Quetzal,Dutch,Corvette,$6521849.62
673,Rivi,Denkel,rdenkelio@4shared.com,Female,56.209.6.127,Yuan Renminbi,Finnish,SLK-Class,$7755032.19
674,Beatriz,Falkingham,bfalkinghamip@google.it,Female,114.10.51.250,Rupiah,Swati,FJ Cruiser,$7163596.82
675,Yasmeen,Mandry,ymandryiq@accuweather.com,Female,58.194.31.52,Lempira,Filipino,Protege,$5036495.17
676,Charis,Hailes,chailesir@businessinsider.com,Female,71.168.50.151,Peso,Oriya,XL7,$2836331.26
677,Kaylyn,Jude,kjudeis@statcounter.com,Female,229.84.154.180,Kyat,Northern Sotho,F250,$2008495.02
678,Gearard,Di Giacomo,gdigiacomoit@google.cn,Male,155.141.49.146,Won,Kurdish,QX,$9507191.09
679,Lorne,Sheryne,lsheryneiu@goo.ne.jp,Female,50.234.29.221,Yuan Renminbi,Northern Sotho,Avalanche 2500,$1483982.51
680,Tripp,Woodhouse,twoodhouseiv@google.com.hk,Male,212.90.155.245,Dinar,Romanian,Regal,$9053214.90
681,Eleanora,Haggart,ehaggartiw@vimeo.com,Female,33.117.16.90,Yuan Renminbi,Dhivehi,Prius,$1986615.96
682,Prentiss,Butter,pbutterix@digg.com,Male,182.218.147.82,Rupiah,Malayalam,Grand Am,$9329799.19
683,Leonid,Spilsted,lspilstediy@skyrock.com,Male,44.180.183.104,Rand,Azeri,SLS AMG,$9914313.67
684,Bari,Finnes,bfinnesiz@aboutads.info,Female,211.39.202.63,Rupiah,Japanese,Montero,$8732387.55
685,Clare,Rustedge,crustedgej0@hubpages.com,Male,218.103.228.94,Lek,Swahili,New Beetle,$3345330.34
686,Corinne,Suffield,csuffieldj1@mozilla.org,Female,11.84.247.89,Baht,Papiamento,Grand Prix,$7302729.79
687,Jessi,Pollendine,jpollendinej2@unc.edu,Female,128.237.242.84,Yuan Renminbi,Tswana,Ram 1500,$9868275.24
688,Roger,Rickword,rrickwordj3@pen.io,Male,28.132.0.233,Real,Assamese,Jimmy,$4165235.89
689,Tarah,Halmkin,thalmkinj4@prweb.com,Female,37.252.188.163,Yuan Renminbi,Filipino,Esprit,$2012627.96
690,Ad,Fasse,afassej5@arizona.edu,Male,233.49.224.175,Peso,Kazakh,Sierra 2500,$9920382.04
691,Elladine,Lealle,eleallej6@yolasite.com,Female,54.117.98.107,Yen,Dutch,Protege,$2070078.09
692,Virgie,Amburgy,vamburgyj7@unblog.fr,Female,171.210.165.253,Yuan Renminbi,Telugu,Ciera,$8134003.00
693,Allsun,Marland,amarlandj8@weibo.com,Female,82.39.243.71,Zloty,Dzongkha,LeSabre,$7865569.82
694,Hildegaard,Rugiero,hrugieroj9@ibm.com,Female,189.12.220.41,Ringgit,Korean,Caravan,$3828443.73
695,Waylon,Gogay,wgogayja@sohu.com,Male,191.94.5.65,Real,Dhivehi,PT Cruiser,$9196186.26
696,Rollin,Swett,rswettjb@over-blog.com,Male,151.86.134.255,Sol,Polish,Esteem,$6547817.52
697,Bradney,Licciardello,blicciardellojc@eventbrite.com,Male,35.101.195.54,Peso,Yiddish,Camaro,$6846119.36
698,Tye,Westmerland,twestmerlandjd@360.cn,Male,35.110.223.165,Yuan Renminbi,Bulgarian,Optima,$4850201.48
699,Tobiah,Fogden,tfogdenje@disqus.com,Male,213.130.190.234,Koruna,Zulu,G-Class,$7406733.70
700,Hewet,Shervil,hsherviljf@dedecms.com,Male,151.205.42.160,Ringgit,Bosnian,Aztek,$1526244.59
701,Sayre,Bingham,sbinghamjg@cam.ac.uk,Male,61.70.107.183,Euro,Tamil,G-Series G10,$-5213.23
702,Lemar,Beevens,lbeevensjh@google.nl,Male,160.85.177.107,Dollar,Malay,Amanti,$7637836.06
703,Zebedee,Ivens,zivensji@google.nl,Male,181.172.9.188,Peso,Italian,Cavalier,$9947373.42
704,Bobbie,O'Sheilds,bosheildsjj@thetimes.co.uk,Male,68.11.215.13,Euro,Malagasy,G35,$1839529.26
705,Frankie,Lynagh,flynaghjk@1und1.de,Male,67.179.240.164,Yen,Amharic,GL-Class,$8477579.89
706,Nappy,Gogarty,ngogartyjl@va.gov,Male,25.143.216.14,Zloty,Khmer,LR4,$2151444.63
707,Chucho,Rhead,crheadjm@sakura.ne.jp,Male,135.173.124.110,Krona,Irish Gaelic,S80,$5861772.19
708,Herold,Jobke,hjobkejn@github.io,Male,174.198.231.113,Yuan Renminbi,Swahili,S-Class,$4012827.62
709,Westley,Stopp,wstoppjo@pagesperso-orange.fr,Male,97.93.50.17,Euro,Swahili,Diablo,$6007595.72
710,Rona,Allison,rallisonjp@slashdot.org,Female,105.114.216.143,Rupiah,Guaraní,Express 2500,$4117693.22
711,June,English,jenglishjq@weather.com,Female,188.110.6.49,Peso,Greek,MX-5,$1272169.99
712,Koral,Vedstra,kvedstrajr@360.cn,Female,38.67.166.131,Peso,Bengali,Electra,$3582860.89
713,Dulcy,Hunt,dhuntjs@mlb.com,Female,255.12.137.5,Rupiah,Lithuanian,Alero,$5012666.26
714,Amber,Fleischer,afleischerjt@angelfire.com,Female,187.63.102.235,Guarani,Indonesian,S10,$9424441.77
715,Edan,Tynemouth,etynemouthju@google.es,Male,5.172.99.93,Yuan Renminbi,Dzongkha,Viper,$7330257.40
716,Dorian,Edworthie,dedworthiejv@tripod.com,Male,198.80.244.88,Ruble,Swedish,Aurora,$9176036.74
717,Laurena,Penticost,lpenticostjw@patch.com,Female,218.168.229.170,Yuan Renminbi,Yiddish,SLK-Class,$7080295.68
718,Adriano,McCrea,amccreajx@vk.com,Male,91.143.86.175,Yuan Renminbi,Thai,Daewoo Lacetti,$3219258.19
719,Pavla,Di Bartolomeo,pdibartolomeojy@who.int,Female,128.104.4.240,Yuan Renminbi,Tok Pisin,Explorer,$7400824.42
720,Findlay,Itzkin,fitzkinjz@over-blog.com,Male,213.76.157.247,Rupiah,Bosnian,Malibu,$2793933.08
721,Mellie,Simonsson,msimonssonk0@slideshare.net,Female,144.151.158.85,Koruna,Filipino,Explorer,$8687177.99
722,Masha,Danilchik,mdanilchikk1@sakura.ne.jp,Female,98.91.145.35,Rupiah,New Zealand Sign Language,Escalade EXT,$7678528.10
723,Albertine,Goodbur,agoodburk2@marketwatch.com,Female,60.166.138.167,Dollar,Greek,Azera,$7594785.32
724,Jessey,Bensley,jbensleyk3@mit.edu,Male,83.142.188.9,Peso,Fijian,Z3,$9295572.78
725,Lizbeth,Nuccii,lnucciik4@google.nl,Female,34.209.221.111,Won,Luxembourgish,Vandura 3500,$2030418.43
726,Alric,Andrelli,aandrellik5@amazon.co.jp,Male,102.159.68.133,Ruble,Māori,CL,$2842397.43
727,Ertha,Cleevely,ecleevelyk6@opensource.org,Female,247.109.73.133,Rupiah,Dutch,Silverado 1500,$1205617.45
728,Tiebout,Mabson,tmabsonk7@dailymotion.com,Male,15.246.211.154,Ruble,Quechua,S-Series,$2832968.62
729,Sam,Boyford,sboyfordk8@geocities.jp,Male,186.65.238.111,Ruble,Catalan,CR-V,$2338427.14
730,Salli,Klemz,sklemzk9@qq.com,Female,95.182.152.30,Yuan Renminbi,Papiamento,Courier,$6924050.95
731,Adriana,Evans,aevanska@com.com,Female,87.228.157.103,Zloty,Quechua,A6,$205636.35
732,Vanya,Gummow,vgummowkb@webnode.com,Female,203.31.114.10,Yuan Renminbi,Swedish,Golf,$3151745.90
733,Hugibert,Langham,hlanghamkc@hugedomains.com,Male,60.225.133.112,Naira,Hiri Motu,XLR,$9275934.65
734,Wynn,Howsego,whowsegokd@ifeng.com,Female,58.82.97.3,Ruble,Somali,Silverado 2500,$9030705.77
735,Britney,Murrey,bmurreyke@reverbnation.com,Female,47.246.1.203,Ruble,Thai,V8 Vantage S,$6256443.30
736,Alard,Godbolt,agodboltkf@toplist.cz,Male,115.96.249.133,Dollar,Burmese,Econoline E150,$6254563.03
737,Elihu,McHarry,emcharrykg@histats.com,Male,22.61.218.183,Peso,Albanian,Insight,$5651147.15
738,Ryan,Flewitt,rflewittkh@state.tx.us,Male,219.236.19.221,Hryvnia,Spanish,Grand Cherokee,$3794976.80
739,Mag,Chittim,mchittimki@tamu.edu,Female,161.231.113.254,Dollar,Bislama,545,$7105662.73
740,Gipsy,Brose,gbrosekj@netlog.com,Female,41.247.44.136,Dong,Malay,Mustang,$4609311.45
741,Jacklyn,Scedall,jscedallkk@slashdot.org,Female,136.184.82.78,Yuan Renminbi,Luxembourgish,Range Rover,$162198.32
742,Faber,Lakeman,flakemankl@vkontakte.ru,Male,120.12.61.19,Zloty,Croatian,Pathfinder Armada,$157089.09
743,Lenora,Dugue,lduguekm@loc.gov,Female,253.98.111.122,Koruna,Māori,SC,$9686989.03
744,Etta,Laxon,elaxonkn@reddit.com,Female,72.72.0.115,Dollar,Czech,Accord,$2570224.19
745,Edmund,Eary,eearyko@squidoo.com,Male,40.11.9.209,Euro,Hiri Motu,A5,$5862795.80
746,Mariellen,Maytum,mmaytumkp@behance.net,Female,236.171.182.218,Franc,Montenegrin,Amigo,$7366885.32
747,Golda,Greggor,ggreggorkq@adobe.com,Female,190.188.77.55,Dollar,Sotho,Sierra 3500HD,$964716.97
748,Ali,Dongles,adongleskr@theguardian.com,Male,255.249.235.52,Yuan Renminbi,Luxembourgish,Justy,$598726.31
749,Magdalene,Norledge,mnorledgeks@t-online.de,Female,3.85.161.249,Yen,Quechua,Swift,$884663.45
750,Aurelia,Chaloner,achalonerkt@ebay.co.uk,Female,101.65.96.99,Lek,Ndebele,Durango,$748057.57
751,Cesaro,Ianni,cianniku@mapy.cz,Male,247.103.45.191,Yuan Renminbi,Lao,5000CS,$3267568.65
752,Elvira,Nattriss,enattrisskv@example.com,Female,172.99.225.121,Yuan Renminbi,Catalan,Vibe,$9683007.77
753,Jena,Crannell,jcrannellkw@hao123.com,Female,83.31.172.111,Naira,Czech,Legacy,$9592644.61
754,Quinton,Spacy,qspacykx@mapy.cz,Male,46.39.159.30,Yuan Renminbi,Khmer,Protege5,$8023135.76
755,Zackariah,Toms,ztomsky@elegantthemes.com,Male,228.100.255.222,Yuan Renminbi,Dari,Vibe,$8264532.48
756,Ivie,Darkott,idarkottkz@histats.com,Female,45.138.1.184,Real,Norwegian,Sportage,$1519179.67
757,Harley,Figgures,hfigguresl0@sun.com,Male,232.224.136.221,Rupiah,Tetum,G-Series G30,$8710289.09
758,Pammy,Mantha,pmanthal1@netvibes.com,Female,139.142.253.235,Yuan Renminbi,Malagasy,Mini Cooper S,$329702.26
759,Mikol,Southerill,msoutherilll2@unc.edu,Male,59.45.167.214,Euro,Korean,323,$1713159.57
760,Rolland,Laddle,rladdlel3@illinois.edu,Male,32.77.24.171,Dollar,Kyrgyz,Range Rover,$6786712.23
761,Theodora,Calcraft,tcalcraftl4@skyrock.com,Female,140.58.214.66,Rupiah,Gujarati,Cooper Clubman,$4738026.54
762,Reggy,Slocomb,rslocombl5@ucoz.com,Male,235.229.115.80,Dollar,Punjabi,Q,$6346664.29
763,Teresina,Thorouggood,tthorouggoodl6@360.cn,Female,122.229.109.74,Rupiah,Korean,Murano,$8548717.01
764,Bevin,Matieu,bmatieul7@hubpages.com,Male,182.4.157.140,Yuan Renminbi,Croatian,Jimmy,$7353576.68
765,Esma,Bradden,ebraddenl8@domainmarket.com,Female,177.88.70.83,Pound,Hiri Motu,4Runner,$1139868.27
766,Mordecai,Keunemann,mkeunemannl9@java.com,Male,239.239.249.103,Peso,Dzongkha,S90,$5025751.51
767,Siffre,Aberkirdo,saberkirdola@discuz.net,Male,167.2.3.63,Rupiah,Swedish,XLR-V,$5835091.72
768,Kipp,Vankeev,kvankeevlb@hatena.ne.jp,Male,142.107.226.236,Yuan Renminbi,Latvian,S-Type,$4427505.41
769,Frannie,Greenier,fgreenierlc@creativecommons.org,Male,168.156.80.214,Yuan Renminbi,Estonian,E-Series,$1793271.18
770,Frankie,Chidler,fchidlerld@japanpost.jp,Female,209.242.239.76,Franc,Danish,Integra,$7779837.51
771,Jennilee,Frizell,jfrizellle@ed.gov,Female,5.43.52.237,Ruble,Pashto,Ram 1500,$3113654.82
772,Hendrik,Shankland,hshanklandlf@domainmarket.com,Male,210.4.159.109,Rupiah,Quechua,Mustang,$4876045.38
773,Elie,Wannes,ewanneslg@yahoo.com,Female,77.175.216.254,Krona,West Frisian,Passport,$109801.41
774,Ania,Figgess,afiggesslh@chron.com,Female,195.176.41.75,Peso,Lao,ES,$6069238.62
775,Hadleigh,Surpliss,hsurplissli@dedecms.com,Male,168.81.112.87,Peso,Mongolian,Riviera,$4628541.08
776,Jayne,Crook,jcrooklj@salon.com,Female,160.131.212.192,Ruble,Dari,Xterra,$5282125.16
777,Damien,Martland,dmartlandlk@so-net.ne.jp,Male,158.198.236.235,Dollar,Haitian Creole,Azera,$1189656.01
778,Robbin,Hasted,rhastedll@quantcast.com,Female,162.125.195.148,Dirham,Gujarati,Legend,$567257.97
779,Paddy,Mohun,pmohunlm@scribd.com,Male,14.154.212.165,Real,Lithuanian,Sable,$7417422.16
780,Thaine,Blagbrough,tblagbroughln@stanford.edu,Male,240.204.241.136,Peso,Thai,Continental,$4918579.21
781,Jacky,Kleingrub,jkleingrublo@mediafire.com,Female,251.150.193.231,Peso,English,6 Series,$3767498.86
782,Orelie,Turbitt,oturbittlp@nsw.gov.au,Female,156.223.255.135,Baht,Māori,B2000,$7573296.90
783,Vivie,Rowly,vrowlylq@springer.com,Female,43.106.109.202,Taka,Dutch,Odyssey,$7256796.59
784,Anatol,Poles,apoleslr@ask.com,Male,11.99.24.187,Yuan Renminbi,Azeri,Challenger,$7841926.32
785,Lionello,Kupke,lkupkels@symantec.com,Male,93.17.127.49,Yuan Renminbi,Kannada,Tredia,$303946.84
786,Harper,Eilert,heilertlt@amazon.co.uk,Male,175.229.2.193,Rupiah,English,E-Series,$594088.45
787,Connie,Soigne,csoignelu@fotki.com,Male,136.144.60.104,Euro,Swedish,S10 Blazer,$2290568.30
788,Georgia,Wilmington,gwilmingtonlv@foxnews.com,Female,171.204.173.238,Rupiah,Icelandic,SL-Class,$8041099.28
789,Ody,Maruska,omaruskalw@cbslocal.com,Male,46.228.112.196,Peso,Lithuanian,S-Class,$5744897.77
790,Julienne,Joynt,jjoyntlx@globo.com,Female,48.92.67.27,Yuan Renminbi,Lao,Accord,$8612470.85
791,Minda,Endrighi,mendrighily@123-reg.co.uk,Female,85.108.48.16,Naira,Marathi,Mustang,$5928272.46
792,Ardelia,Crowd,acrowdlz@github.com,Female,18.183.132.111,Denar,French,LeSabre,$8727928.14
793,Domini,Spelman,dspelmanm0@webs.com,Female,239.170.119.99,Yuan Renminbi,Romanian,LaCrosse,$5560931.75
794,Matthieu,Heller,mhellerm1@unc.edu,Male,121.57.145.227,Ruble,Malagasy,6000,$4448553.99
795,Virgil,Ecob,vecobm2@indiegogo.com,Male,81.31.121.78,Yuan Renminbi,Tamil,F150,$3363487.88
796,Jasen,Moggach,jmoggachm3@plala.or.jp,Male,125.173.46.157,Rupiah,Dutch,A8,$6300952.27
797,Derrick,Meni,dmenim4@mediafire.com,Male,67.226.93.171,Peso,Khmer,Grand Am,$4219318.25
798,Joel,Laurentino,jlaurentinom5@chron.com,Male,227.155.226.198,Real,Marathi,Spectra,$4518387.04
799,Atalanta,Niemiec,aniemiecm6@geocities.com,Female,2.82.123.90,Rupiah,Polish,Touareg 2,$1920776.94
800,Ainslie,Glendza,aglendzam7@google.com.au,Female,76.68.18.248,Peso,Zulu,Suburban 2500,$5563211.80
801,Franky,Hargie,fhargiem8@weather.com,Male,105.3.16.97,Real,Dhivehi,GTO,$8067735.97
802,Auria,Wiggington,awiggingtonm9@imdb.com,Female,12.44.41.79,Cedi,Oriya,Villager,$5521629.60
803,Lolita,Clubb,lclubbma@apache.org,Female,225.188.80.173,Rupiah,Maltese,Express 2500,$6034262.77
804,Vivie,Beard,vbeardmb@phpbb.com,Female,187.105.244.85,Euro,Swati,Matrix,$8436681.34
805,Sisile,Vigours,svigoursmc@bizjournals.com,Female,175.124.6.143,Euro,Marathi,Crown Victoria,$8075717.20
806,Eloise,Davidou,edavidoumd@mail.ru,Female,49.87.227.180,Yuan Renminbi,Bulgarian,Sunfire,$3552166.82
807,Warren,Wind,wwindme@simplemachines.org,Male,137.86.231.213,Zloty,Luxembourgish,T100,$9782790.70
808,Bryna,Christofe,bchristofemf@nifty.com,Female,154.17.252.40,Real,Assamese,Intrepid,$1827544.80
809,Sunny,Hunnicutt,shunnicuttmg@pen.io,Male,89.200.227.71,Dollar,Estonian,F350,$766935.81
810,Stephie,Gepheart,sgepheartmh@dyndns.org,Female,148.88.191.32,Yuan Renminbi,Armenian,Boxster,$8647348.59
811,Bogey,Launder,blaundermi@ted.com,Male,30.110.113.171,Peso,Polish,Prelude,$1875342.03
812,Rosaline,Feander,rfeandermj@thetimes.co.uk,Female,127.37.76.154,Sol,Yiddish,Silverado 3500,$5438777.25
813,Hyacinth,Self,hselfmk@hc360.com,Female,191.146.221.203,Yuan Renminbi,Bengali,Grand Prix,$649120.57
814,Lacy,Tilley,ltilleyml@dmoz.org,Female,58.75.123.223,Rial,Kannada,Viper,$6845904.65
815,Heath,Corkitt,hcorkittmm@webmd.com,Female,206.93.13.139,Yuan Renminbi,Ndebele,X6,$3673201.51
816,Jacky,Mityashin,jmityashinmn@yale.edu,Male,4.249.164.33,Balboa,Georgian,Justy,$4608377.65
817,Van,Gethings,vgethingsmo@miibeian.gov.cn,Male,47.70.236.106,Zloty,Catalan,Forenza,$7481522.29
818,Shelia,Palphramand,spalphramandmp@webnode.com,Female,61.164.68.48,Kuna,Haitian Creole,Canyon,$8521876.11
819,Bride,Tiley,btileymq@soundcloud.com,Female,95.25.36.19,Euro,Yiddish,Q7,$2896258.66
820,Trent,Minister,tministermr@nbcnews.com,Male,3.21.9.196,Bolivar,Marathi,B-Series,$434610.41
821,Ring,Tortice,rtorticems@cyberchimps.com,Male,188.25.16.244,Yuan Renminbi,Sotho,944,$8997500.14
822,Claribel,Paton,cpatonmt@fda.gov,Female,233.100.190.22,Krona,Lithuanian,Sportage,$286230.94
823,Rainer,Dearness,rdearnessmu@zdnet.com,Male,208.62.120.95,Peso,Filipino,del Sol,$5099301.29
824,Saw,Padilla,spadillamv@deliciousdays.com,Male,202.226.200.83,Franc,New Zealand Sign Language,Quattroporte,$7161966.24
825,Verna,Boullin,vboullinmw@bandcamp.com,Female,175.116.16.231,Peso,Hiri Motu,Bonneville,$8244210.86
826,Lyn,Furmenger,lfurmengermx@sciencedirect.com,Female,236.77.161.116,Dinar,Guaraní,Wrangler,$253539.02
827,Joann,Scrafton,jscraftonmy@ovh.net,Female,120.152.186.226,Euro,Sotho,Escalade,$6256474.79
828,Lisabeth,Kaley,lkaleymz@amazon.de,Female,31.17.254.248,Rupiah,Ndebele,Sedona,$1826263.59
829,Elinore,Splevins,esplevinsn0@ycombinator.com,Female,19.44.19.213,Lek,Khmer,Savana 3500,$8275792.27
830,Clarissa,Carradice,ccarradicen1@discuz.net,Female,226.9.59.244,Peso,Norwegian,Diamante,$7518334.03
831,Emery,Shower,eshowern2@hugedomains.com,Male,51.12.190.13,Ruble,Danish,GX,$604246.44
832,Delilah,Isson,dissonn3@pinterest.com,Female,236.112.220.179,Yuan Renminbi,Gujarati,Mustang,$498105.55
833,Brianne,Caush,bcaushn4@amazon.de,Female,247.10.1.30,Yuan Renminbi,Gujarati,RX Hybrid,$5541827.41
834,Radcliffe,Klewer,rklewern5@creativecommons.org,Male,243.238.252.157,Peso,Ndebele,Concorde,$7620041.77
835,Demott,Lansdale,dlansdalen6@mac.com,Male,43.65.54.148,Euro,Danish,CTS,$9486481.00
836,Bary,Matuschek,bmatuschekn7@answers.com,Male,30.23.204.204,Yuan Renminbi,Kurdish,Quattroporte,$1471797.01
837,Sabrina,Parmeter,sparmetern8@noaa.gov,Female,222.127.110.54,Litas,Malay,6 Series,$5912336.93
838,Anica,Gutierrez,agutierrezn9@example.com,Female,254.97.207.140,Rupiah,Amharic,Paseo,$409757.20
839,Muffin,Rubinov,mrubinovna@phoca.cz,Female,234.70.140.67,Koruna,Tajik,F250,$9826543.35
840,Seana,Asker,saskernb@time.com,Female,236.123.136.239,Yuan Renminbi,Oriya,Tredia,$7224034.46
841,Cherey,Henrionot,chenrionotnc@techcrunch.com,Female,141.124.56.120,Yuan Renminbi,Azeri,RX-7,$7382512.27
842,Xever,Kings,xkingsnd@live.com,Male,106.200.152.30,Peso,Dzongkha,Express 2500,$3489280.09
843,Sheffield,Bailles,sbaillesne@vimeo.com,Male,101.250.124.198,Rupiah,Portuguese,CX-7,$1692749.22
844,Natala,Sneaker,nsneakernf@vimeo.com,Female,238.243.111.85,Rupiah,Tsonga,Grand Prix,$796884.55
845,Michaela,Weldon,mweldonng@scribd.com,Female,55.198.72.253,Dollar,Swahili,Pajero,$9073453.48
846,Alley,Ashfold,aashfoldnh@spotify.com,Male,152.116.195.155,Manat,Sotho,Justy,$4909598.04
847,Tabbie,Palphreyman,tpalphreymanni@amazon.co.jp,Female,158.53.242.48,Dollar,Malayalam,Camry Solara,$4783359.52
848,Odo,Boult,oboultnj@wsj.com,Male,216.7.114.28,Pound,Norwegian,S6,$3175229.95
849,Winni,Noone,wnoonenk@prlog.org,Female,67.152.211.155,Franc,Dutch,Bronco,$6228192.09
850,Loni,Bampford,lbampfordnl@typepad.com,Female,238.197.242.167,Krona,French,C-Class,$4445224.25
851,Bibi,Antonchik,bantonchiknm@delicious.com,Female,36.101.60.26,Rupiah,Telugu,Crown Victoria,$2787460.49
852,Dimitry,McArd,dmcardnn@youku.com,Male,217.247.23.32,Peso,Maltese,Amigo,$7546095.82
853,Byrle,Rowdell,browdellno@google.fr,Male,13.188.107.41,Yuan Renminbi,Kyrgyz,Malibu,$2392516.54
854,Corrie,Pally,cpallynp@reverbnation.com,Male,37.247.44.78,Baht,Swedish,G37,$1340142.10
855,Ewan,McClurg,emcclurgnq@github.io,Male,179.105.243.61,Peso,Indonesian,330,$3974725.95
856,Franklyn,Wileman,fwilemannr@google.pl,Male,6.23.110.79,Yuan Renminbi,Oriya,80,$1046564.35
857,Hendrika,Plaskett,hplaskettns@gmpg.org,Female,73.210.51.62,Franc,Bislama,Accord,$4071066.81
858,Leonanie,Rigby,lrigbynt@ustream.tv,Female,142.85.202.50,Yuan Renminbi,Quechua,Boxster,$5059315.66
859,Daffi,Tomik,dtomiknu@imageshack.us,Female,221.255.225.53,Denar,Croatian,Sportage,$8540475.63
860,Ladonna,Yanshonok,lyanshonoknv@fastcompany.com,Female,207.157.4.231,Koruna,Malagasy,Grand Prix,$7204215.92
861,Drusilla,Uren,durennw@nhs.uk,Female,25.92.169.228,Baht,Guaraní,Skylark,$4722970.09
862,Angy,Rollin,arollinnx@icq.com,Female,227.180.237.97,Euro,Yiddish,Eclipse,$263068.56
863,Demott,Strauss,dstraussny@ed.gov,Male,97.135.154.248,Zloty,New Zealand Sign Language,Accord,$9172796.03
864,Floria,Shobrook,fshobrooknz@nationalgeographic.com,Female,131.160.237.54,Real,Indonesian,458 Italia,$1661807.67
865,Bryn,Viccary,bviccaryo0@blinklist.com,Female,94.191.80.198,Peso,New Zealand Sign Language,Camaro,$5294730.23
866,Brien,Hoyte,bhoyteo1@ibm.com,Male,212.128.129.235,Sol,Kannada,QX,$6204974.78
867,Lanie,Douglass,ldouglasso2@opensource.org,Female,51.218.236.220,Rupiah,Hindi,1500,$6197860.27
868,Ambrosi,Rohmer,arohmero3@sakura.ne.jp,Male,49.245.246.89,Yuan Renminbi,Thai,Envoy,$7483987.45
869,Francisco,Heckner,fhecknero4@answers.com,Male,192.78.23.122,Dollar,Armenian,Corrado,$1079914.12
870,Ambur,Rosterne,arosterneo5@ft.com,Female,147.132.119.27,Yuan Renminbi,Filipino,Monaro,$9710176.65
871,Vaughan,Bosher,vboshero6@topsy.com,Male,250.225.61.132,Euro,Malayalam,Volt,$3974100.08
872,Paulie,Blundell,pblundello7@surveymonkey.com,Male,176.253.120.182,Krona,Japanese,Prius Plug-in,$2469943.38
873,Lorita,Humberstone,lhumberstoneo8@blinklist.com,Female,80.25.98.74,Pound,Persian,Seville,$6200796.99
874,Edie,Lamy,elamyo9@shutterfly.com,Female,200.111.157.178,Euro,Macedonian,Ram 3500,$8106684.78
875,Nathan,Whacket,nwhacketoa@nifty.com,Male,223.1.50.21,Rupiah,Lithuanian,350Z,$3409048.22
876,Kennett,Lithcow,klithcowob@nyu.edu,Male,253.185.14.193,Euro,Hindi,Terrain,$2644631.22
877,Salvatore,Joly,sjolyoc@stanford.edu,Male,158.126.177.203,Ruble,Azeri,Miata MX-5,$28106.88
878,Malanie,Schoolcroft,mschoolcroftod@dion.ne.jp,Female,47.49.84.87,Krona,Swedish,Highlander,$6876985.10
879,Daryle,Vockins,dvockinsoe@vistaprint.com,Male,95.123.210.194,Krona,Fijian,Discovery,$7500004.15
880,Astrid,Pomroy,apomroyof@surveymonkey.com,Female,30.238.129.156,Yuan Renminbi,Northern Sotho,S60,$3401130.06
881,Craig,Brunesco,cbrunescoog@icq.com,Male,242.49.124.227,Peso,Nepali,Freestar,$6541160.18
882,Francoise,Vint,fvintoh@furl.net,Female,19.214.212.20,Yuan Renminbi,Dzongkha,CL-Class,$9672731.97
883,Hallsy,Acum,hacumoi@google.co.jp,Male,248.112.119.177,Zloty,German,Escalade EXT,$3294453.37
884,Mariya,Philipsson,mphilipssonoj@php.net,Female,72.180.243.15,Rupiah,Bengali,TT,$4354972.93
885,Bondon,Jefferd,bjefferdok@ow.ly,Male,107.177.190.183,Rupiah,Belarusian,Crown Victoria,$2189555.24
886,Debbi,Josifovitz,djosifovitzol@thetimes.co.uk,Female,89.236.208.98,Baht,Icelandic,Suburban 1500,$215341.90
887,Abdul,Ponceford,aponcefordom@mlb.com,Male,219.134.225.236,Tenge,Yiddish,Capri,$2230149.66
888,Reggie,Tape,rtapeon@tinyurl.com,Male,108.254.155.7,Dollar,Lithuanian,Grand Prix,$4522330.39
889,Ansel,Eccleshare,aeccleshareoo@chicagotribune.com,Male,203.233.37.245,Real,Norwegian,Esprit,$3372162.90
890,Ives,Atter,iatterop@hugedomains.com,Male,7.175.31.61,Euro,Estonian,Exige,$7473505.62
891,Elladine,MacQuaker,emacquakeroq@hatena.ne.jp,Female,208.214.188.155,Rupiah,Italian,Wrangler,$3266625.01
892,Masha,Downage,mdownageor@wikia.com,Female,16.222.14.24,Rupiah,Korean,Sienna,$8482829.74
893,Jada,Soutar,jsoutaros@unblog.fr,Female,39.129.165.166,Ruble,Khmer,Diamante,$9240615.25
894,Leonardo,Kirman,lkirmanot@cbsnews.com,Male,105.56.80.55,Dollar,Korean,Mirage,$6364873.65
895,Emilie,Rubinovitsch,erubinovitschou@discovery.com,Female,190.212.227.3,Pound,Thai,V8 Vantage,$4804943.80
896,Alexandro,Frary,afraryov@walmart.com,Male,254.233.134.201,Won,Tamil,Forenza,$5099971.64
897,Olva,Getten,ogettenow@sphinn.com,Female,86.226.158.219,Peso,Papiamento,C-Class,$3265563.14
898,Frederick,Coatsworth,fcoatsworthox@fastcompany.com,Male,175.78.55.95,Euro,Thai,LTD,$3681812.87
899,Mari,Mordin,mmordinoy@infoseek.co.jp,Female,198.11.111.191,Dollar,Swahili,Camaro,$6081326.21
900,Phelia,Thomlinson,pthomlinsonoz@hc360.com,Female,61.215.206.181,Naira,Guaraní,LHS,$7807055.70
901,Roddy,MacCome,rmaccomep0@addthis.com,Male,188.2.251.130,Ruble,Ndebele,Legacy,$845360.27
902,Chris,Santello,csantellop1@amazon.co.jp,Male,159.188.89.120,Dollar,Luxembourgish,Eurovan,$2698919.51
903,Lauralee,Bouzek,lbouzekp2@webeden.co.uk,Female,219.184.183.80,Krona,Tamil,Highlander,$2689649.79
904,Martainn,Deverock,mdeverockp3@nytimes.com,Male,163.219.46.69,Yuan Renminbi,Croatian,Range Rover,$2570025.75
905,Del,Greatbank,dgreatbankp4@rakuten.co.jp,Female,55.235.16.154,Ruble,Northern Sotho,S-Series,$6593030.36
906,Greer,Piecha,gpiechap5@altervista.org,Female,213.14.108.130,Zloty,Swati,MP4-12C,$6996471.60
907,Ingrid,Stanyer,istanyerp6@ucoz.ru,Female,119.252.85.231,Yuan Renminbi,Quechua,Continental,$9229265.84
908,Manolo,Battin,mbattinp7@gov.uk,Male,226.32.142.246,Euro,Dutch,LX,$7113558.84
909,Zollie,Woodgate,zwoodgatep8@de.vu,Male,237.56.107.141,Peso,Pashto,GT-R,$1956662.37
910,Tara,Devanny,tdevannyp9@gizmodo.com,Female,116.252.13.49,Euro,Kashmiri,F350,$9862281.26
911,Leeland,Milbank,lmilbankpa@wikimedia.org,Male,161.196.27.131,Yuan Renminbi,Tajik,Grand Caravan,$6223168.37
912,Ferdy,Smorthit,fsmorthitpb@bing.com,Male,107.207.3.199,Ringgit,Tsonga,Civic,$5112111.80
913,Phineas,Hoofe,phoofepc@msu.edu,Male,130.190.193.149,Hryvnia,Dari,Eurovan,$426483.59
914,Fidelia,Sorsby,fsorsbypd@hostgator.com,Female,68.112.244.116,Naira,Latvian,Savana 1500,$6762414.15
915,Tiffani,Fearfull,tfearfullpe@smugmug.com,Female,67.5.25.192,Rand,Fijian,SVX,$394510.73
916,Lainey,Gress,lgresspf@dailymotion.com,Female,169.216.98.237,Rupiah,Malagasy,Hombre Space,$7716491.33
917,Doy,Taylo,dtaylopg@ocn.ne.jp,Male,108.154.61.143,Ruble,Danish,Accord,$6528324.49
918,Mae,Muspratt,mmusprattph@cnbc.com,Female,92.184.28.90,Yuan Renminbi,Thai,New Beetle,$8539384.33
919,Baillie,Kayes,bkayespi@google.co.uk,Male,150.243.49.219,Ruble,Nepali,IS,$3818608.08
920,Noelani,Crigin,ncriginpj@google.es,Female,246.86.244.200,Euro,Quechua,LR2,$6678335.51
921,Alwyn,Wodham,awodhampk@pen.io,Male,144.179.61.58,Euro,Irish Gaelic,Charger,$9108055.13
922,Thorn,Leckenby,tleckenbypl@google.it,Male,128.162.211.159,Rupiah,West Frisian,Mirage,$9134221.62
923,Ettie,Speerman,espeermanpm@nature.com,Female,67.120.57.67,Peso,Amharic,Pathfinder,$7202615.98
924,Dougy,Dani,ddanipn@timesonline.co.uk,Male,128.10.117.189,Peso,Albanian,Kizashi,$8401489.98
925,Ring,Franks,rfrankspo@businessinsider.com,Male,73.223.70.67,Kyat,English,Fox,$9971968.68
926,Alexandr,Renahan,arenahanpp@blogspot.com,Male,170.175.253.145,Yuan Renminbi,Belarusian,Ion,$2331596.51
927,Milty,Aicken,maickenpq@zdnet.com,Male,181.19.83.154,Yuan Renminbi,Czech,IS F,$8314852.01
928,Stanwood,Rosebotham,srosebothampr@elegantthemes.com,Male,58.26.171.93,Peso,Swati,G8,$6377307.97
929,Stanley,Cisco,sciscops@google.co.uk,Male,98.39.97.24,Peso,Arabic,Reno,$8336786.43
930,Wren,Aymerich,waymerichpt@slate.com,Female,17.138.13.220,Dollar,Punjabi,Suburban,$8492167.34
931,Helaina,Abrahams,habrahamspu@jimdo.com,Female,96.56.0.235,Zloty,Dzongkha,Envoy,$7038501.79
932,Orlan,Hardistry,ohardistrypv@mapy.cz,Male,234.129.145.100,Ringgit,Ndebele,Cayman,$3800015.15
933,Laurie,Abrahmovici,labrahmovicipw@nba.com,Male,7.231.131.121,Ruble,Gagauz,Express 1500,$8223702.27
934,Eldin,Baroux,ebarouxpx@independent.co.uk,Male,97.52.161.5,Yuan Renminbi,Persian,Sportage,$4837298.96
935,Farrell,Drinan,fdrinanpy@behance.net,Male,2.246.123.62,Euro,Bengali,Blazer,$5166878.15
936,Abbott,Rigardeau,arigardeaupz@nps.gov,Male,83.217.99.18,Boliviano,English,Galant,$9070509.87
937,Derron,Headly,dheadlyq0@blogspot.com,Male,184.117.24.121,Baht,Burmese,Aerostar,$4540433.58
938,Myrtia,Dunrige,mdunrigeq1@wiley.com,Female,228.245.115.101,Dong,Lao,Jimmy,$1283260.14
939,Elston,Pym,epymq2@de.vu,Male,228.239.188.87,Rand,Kannada,Century,$1749652.22
940,Hillery,Worrall,hworrallq3@bandcamp.com,Male,22.242.118.213,Balboa,Armenian,Montego,$4451573.85
941,Andie,Dunham,adunhamq4@artisteer.com,Male,58.94.70.18,Yuan Renminbi,Pashto,Tracker,$2807318.61
942,Gerhardt,Petruk,gpetrukq5@gizmodo.com,Male,198.235.0.93,Yuan Renminbi,Amharic,V70,$9261319.88
943,Ariela,Speaks,aspeaksq6@unicef.org,Female,182.252.164.224,Naira,Tamil,Montero,$8951523.16
944,Appolonia,Schleswig-Holstein,aschleswigholsteinq7@rambler.ru,Female,219.34.108.151,Krona,Moldovan,RL,$7853224.34
945,Winny,Bernucci,wbernucciq8@twitter.com,Female,142.189.73.255,Yuan Renminbi,Spanish,Elantra,$4384367.03
946,Elvira,Benwell,ebenwellq9@accuweather.com,Female,13.214.244.90,Dollar,Kannada,Sienna,$4694932.79
947,Meredeth,Ram,mramqa@wiley.com,Male,246.246.215.191,Dollar,Swati,Viper,$5653553.77
948,Gonzalo,Byllam,gbyllamqb@51.la,Male,92.150.115.12,Rupiah,Dzongkha,XJ Series,$4649929.53
949,Vivi,Espinay,vespinayqc@newsvine.com,Female,75.58.55.206,Yuan Renminbi,Latvian,2e,$5818681.32
950,Maegan,Tineman,mtinemanqd@cargocollective.com,Female,187.15.253.209,Ruble,Kyrgyz,LS,$8696437.42
951,Shelley,Krysztowczyk,skrysztowczykqe@symantec.com,Male,3.162.246.251,Euro,Tajik,F150,$3043213.20
952,Roddy,Skains,rskainsqf@wikipedia.org,Male,41.151.44.181,Real,Malayalam,Silverado 2500,$2359367.63
953,Bryon,Leythley,bleythleyqg@behance.net,Male,225.66.36.31,Real,Tetum,G5,$4774411.17
954,Oliver,Robertacci,orobertacciqh@google.co.uk,Male,86.97.72.29,Ruble,Telugu,RX-8,$9881478.92
955,Dorri,Pheazey,dpheazeyqi@e-recht24.de,Female,84.66.87.112,Yuan Renminbi,Spanish,CR-V,$2116196.22
956,Skip,Tullot,stullotqj@youtu.be,Male,209.239.82.192,Yuan Renminbi,Georgian,1500,$962019.43
957,Linda,Morrid,lmorridqk@squidoo.com,Female,58.208.110.142,Zloty,Romanian,CLK-Class,$9735701.51
958,Zia,Pennell,zpennellql@illinois.edu,Female,70.166.146.62,Peso,New Zealand Sign Language,HHR Panel,$3090704.12
959,Wilfred,Dowderswell,wdowderswellqm@cdbaby.com,Male,42.252.247.151,Yuan Renminbi,Malayalam,RX-7,$7670081.30
960,Enoch,Doore,edooreqn@prweb.com,Male,172.44.36.255,Euro,Mongolian,LaCrosse,$4694507.90
961,Leone,Maginot,lmaginotqo@exblog.jp,Female,220.220.39.129,Dollar,Tajik,Continental Mark VII,$9073823.28
962,Amata,Grigorey,agrigoreyqp@cdbaby.com,Female,209.158.81.74,Peso,Chinese,SLK-Class,$4767115.42
963,Beck,Revitt,brevittqq@php.net,Male,247.63.203.204,Peso,Albanian,Rendezvous,$6041845.12
964,Brannon,Sword,bswordqr@163.com,Male,89.21.124.68,Ruble,Swati,Aura,$2480935.30
965,Biron,Karpushkin,bkarpushkinqs@imageshack.us,Male,32.72.243.19,Ruble,Bislama,LX,$8743663.54
966,Neil,Baggally,nbaggallyqt@technorati.com,Male,201.126.53.97,Zloty,Kashmiri,928,$6750907.39
967,Killian,Norewood,knorewoodqu@bbb.org,Male,208.72.100.42,Sol,Sotho,S90,$8440785.93
968,Angel,Straughan,astraughanqv@51.la,Male,234.229.63.241,Zloty,Pashto,G-Series G30,$3900605.80
969,Bat,McNelly,bmcnellyqw@springer.com,Male,103.26.167.116,Rand,Bengali,D150 Club,$6801869.28
970,Ramon,Spoure,rspoureqx@constantcontact.com,Male,59.229.37.17,Euro,Fijian,SL-Class,$758394.51
971,Emmanuel,Vidineev,evidineevqy@mtv.com,Male,188.82.229.163,Yuan Renminbi,Aymara,Ascender,$8909812.83
972,Eliot,Snelman,esnelmanqz@phoca.cz,Male,201.193.148.170,Yuan Renminbi,Kurdish,Continental Flying Spur,$3074624.18
973,Gianina,Alenov,galenovr0@ovh.net,Female,173.251.222.246,Ruble,Yiddish,TT,$3208723.70
974,Steven,Spinke,sspinker1@shareasale.com,Male,198.53.183.35,Dinar,Papiamento,E-Series,$912707.46
975,Noami,McArtan,nmcartanr2@epa.gov,Female,255.99.215.254,Rupiah,Hungarian,Town & Country,$4035384.99
976,Celestyna,Lilley,clilleyr3@businessinsider.com,Female,151.69.207.220,Yuan Renminbi,Korean,Lucerne,$7511435.44
977,Devina,Dewdney,ddewdneyr4@jimdo.com,Female,205.157.68.185,Dong,Montenegrin,Neon,$3156585.36
978,Xerxes,Rubinovitch,xrubinovitchr5@theatlantic.com,Male,218.127.182.207,Som,West Frisian,Freelander,$7490594.09
979,Editha,Latch,elatchr6@issuu.com,Female,12.50.68.18,Sol,Guaraní,300SD,$2644165.18
980,Herbie,Margaritelli,hmargaritellir7@baidu.com,Male,76.15.111.169,Peso,Albanian,S60,$5699005.76
981,Merilyn,Ebbutt,mebbuttr8@cargocollective.com,Female,237.63.131.138,Euro,Haitian Creole,Caravan,$8502884.42
982,Alastair,Elmar,aelmarr9@yale.edu,Male,218.98.91.241,Ruble,Albanian,Alpina B7,$5681837.89
983,Salim,Beardon,sbeardonra@newyorker.com,Male,182.235.24.247,Rupiah,Norwegian,Matrix,$3586648.79
984,Rem,Done,rdonerb@studiopress.com,Male,151.62.47.72,Euro,Tok Pisin,Continental,$2409772.60
985,Noby,Fevers,nfeversrc@tripadvisor.com,Male,131.236.100.197,Sol,Danish,Wrangler,$7745759.38
986,Bailey,Durnford,bdurnfordrd@xrea.com,Male,224.191.92.47,Ruble,Pashto,Ram 2500,$8471738.34
987,Lorenzo,Teodori,lteodorire@npr.org,Male,91.121.97.171,Peso,Punjabi,9000,$4777286.58
988,Bethena,Stepney,bstepneyrf@myspace.com,Female,4.148.14.185,Rupiah,Swahili,Nubira,$6285463.26
989,Alva,Widocks,awidocksrg@google.fr,Male,145.199.105.68,Dollar,Tajik,626,$7956622.96
990,Nickie,Lowles,nlowlesrh@sina.com.cn,Female,83.4.67.202,Yuan Renminbi,Bosnian,Maxima,$2880243.78
991,Lianne,Nuscha,lnuschari@odnoklassniki.ru,Female,9.245.18.91,Peso,Fijian,GTI,$7577330.21
992,Melantha,Kelso,mkelsorj@bluehost.com,Female,232.150.28.78,Dong,German,Highlander Hybrid,$2575774.55
993,Blinni,Eger,begerrk@fc2.com,Female,91.176.91.30,Sol,West Frisian,Regal,$7356494.41
994,Diana,Weatherell,dweatherellrl@noaa.gov,Female,110.64.128.17,Shekel,Indonesian,LeSabre,$8871133.27
995,Frasco,Pavie,fpavierm@elegantthemes.com,Male,77.26.14.238,Peso,Tetum,S80,$9598559.72
996,Timothea,Holcroft,tholcroftrn@imdb.com,Female,93.202.71.255,Yuan Renminbi,Finnish,Montana,$2895976.52
997,Ibrahim,Robley,irobleyro@1und1.de,Male,201.1.192.122,Dong,Haitian Creole,Sierra 1500,$8814530.80
998,Bail,Sigert,bsigertrp@businessinsider.com,Male,53.198.19.171,Real,Kazakh,9-5,$2574157.29
999,Aubrey,McGannon,amcgannonrq@blogs.com,Male,35.241.210.98,Hryvnia,Dzongkha,9-5,$3528604.48
1000,Wally,Selwyne,wselwynerr@wp.com,Female,29.79.208.215,Zloty,Italian,90,$8936536.23
